-- phpMyAdmin SQL Dump
-- version 3.5.1
-- http://www.phpmyadmin.net
--
-- Хост: 127.0.0.1
-- Время создания: Дек 23 2015 г., 02:23
-- Версия сервера: 5.5.25
-- Версия PHP: 5.3.13

SET SQL_MODE="NO_AUTO_VALUE_ON_ZERO";
SET time_zone = "+00:00";


/*!40101 SET @OLD_CHARACTER_SET_CLIENT=@@CHARACTER_SET_CLIENT */;
/*!40101 SET @OLD_CHARACTER_SET_RESULTS=@@CHARACTER_SET_RESULTS */;
/*!40101 SET @OLD_COLLATION_CONNECTION=@@COLLATION_CONNECTION */;
/*!40101 SET NAMES utf8 */;

--
-- База данных: `tanks`
--

-- --------------------------------------------------------

--
-- Структура таблицы `ourwot_battle`
--

CREATE TABLE IF NOT EXISTS `ourwot_battle` (
  `id` int(10) unsigned NOT NULL AUTO_INCREMENT,
  `genre_id` int(10) unsigned NOT NULL,
  `battle_date` date NOT NULL,
  PRIMARY KEY (`id`),
  UNIQUE KEY `battle_date` (`battle_date`),
  KEY `genreid` (`genre_id`),
  KEY `genreid_2` (`genre_id`)
) ENGINE=InnoDB  DEFAULT CHARSET=utf8 AUTO_INCREMENT=10 ;

--
-- Дамп данных таблицы `ourwot_battle`
--

INSERT INTO `ourwot_battle` (`id`, `genre_id`, `battle_date`) VALUES
(1, 1, '2015-06-15'),
(2, 1, '2015-06-18'),
(3, 2, '2015-06-17'),
(4, 1, '2015-10-15'),
(5, 2, '2015-06-20'),
(6, 3, '2015-06-30'),
(7, 2, '2015-07-06'),
(8, 2, '2015-07-13'),
(9, 2, '2015-12-22');

-- --------------------------------------------------------

--
-- Структура таблицы `ourwot_battle_event`
--

CREATE TABLE IF NOT EXISTS `ourwot_battle_event` (
  `id` int(10) unsigned NOT NULL AUTO_INCREMENT,
  `prev_event_id` int(10) unsigned NOT NULL DEFAULT '0',
  `next_event_id` int(10) unsigned NOT NULL DEFAULT '0',
  `teem1_score` int(10) unsigned NOT NULL DEFAULT '0',
  `teem2_score` int(10) unsigned NOT NULL DEFAULT '0',
  `battle_player1_id` int(10) unsigned NOT NULL,
  `battle_player2_id` int(10) unsigned NOT NULL,
  `event_type` int(10) unsigned NOT NULL,
  `event_direction` int(10) NOT NULL,
  `destruction_type_id` int(10) unsigned NOT NULL,
  PRIMARY KEY (`id`),
  UNIQUE KEY `battle_player1_id` (`battle_player1_id`,`battle_player2_id`),
  KEY `eventid` (`destruction_type_id`),
  KEY `prev_event_id` (`prev_event_id`),
  KEY `next_event_id` (`next_event_id`),
  KEY `player2_id` (`battle_player2_id`)
) ENGINE=InnoDB  DEFAULT CHARSET=utf8 AUTO_INCREMENT=440 ;

--
-- Дамп данных таблицы `ourwot_battle_event`
--

INSERT INTO `ourwot_battle_event` (`id`, `prev_event_id`, `next_event_id`, `teem1_score`, `teem2_score`, `battle_player1_id`, `battle_player2_id`, `event_type`, `event_direction`, `destruction_type_id`) VALUES
(1, 0, 0, 0, 1, 138, 169, 1, -1, 1),
(2, 1, 0, 0, 2, 137, 141, 1, -1, 1),
(3, 2, 0, 1, 2, 108, 167, 1, 1, 1),
(4, 3, 0, 1, 3, 136, 141, 1, -1, 1),
(5, 4, 0, 1, 4, 134, 140, 1, -1, 1),
(6, 5, 0, 1, 5, 133, 147, 1, -1, 1),
(7, 6, 0, 1, 6, 132, 142, 1, -1, 1),
(8, 7, 0, 1, 7, 131, 142, 1, -1, 1),
(9, 8, 0, 2, 7, 108, 142, 1, 1, 1),
(10, 9, 0, 2, 8, 130, 148, 1, -1, 1),
(11, 10, 0, 3, 8, 108, 147, 1, 1, 1),
(12, 11, 0, 3, 9, 129, 146, 1, -1, 1),
(13, 12, 0, 4, 9, 109, 146, 1, 1, 1),
(14, 13, 0, 4, 10, 108, 140, 1, -1, 1),
(15, 14, 0, 5, 10, 113, 166, 1, 1, 1),
(16, 15, 0, 5, 11, 128, 144, 1, -1, 1),
(17, 16, 0, 5, 12, 127, 140, 1, -1, 1),
(18, 17, 0, 6, 12, 107, 164, 1, 1, 1),
(19, 18, 0, 6, 13, 126, 140, 1, -1, 1),
(20, 19, 0, 7, 13, 165, 140, 2, -1, 1),
(21, 20, 0, 8, 13, 110, 140, 1, 1, 1),
(22, 21, 0, 9, 13, 110, 144, 1, 1, 1),
(23, 22, 0, 9, 14, 125, 141, 1, -1, 1),
(24, 23, 0, 10, 14, 109, 141, 1, 1, 1),
(25, 24, 0, 11, 14, 107, 163, 1, 1, 1),
(26, 25, 0, 12, 14, 107, 162, 1, 1, 1),
(27, 26, 0, 13, 14, 161, 143, 2, -1, 1),
(28, 27, 0, 13, 15, 124, 143, 1, -1, 1),
(29, 28, 0, 13, 16, 113, 143, 1, -1, 1),
(30, 29, 0, 13, 17, 123, 143, 1, -1, 1),
(31, 30, 0, 14, 17, 152, 152, 3, 1, 1),
(32, 31, 0, 15, 17, 111, 143, 1, 1, 1),
(33, 32, 0, 16, 17, 107, 160, 1, 1, 1),
(34, 33, 0, 17, 17, 159, 169, 2, -1, 1),
(35, 34, 0, 18, 17, 158, 169, 2, -1, 1),
(36, 35, 0, 19, 17, 107, 157, 1, 1, 1),
(37, 36, 0, 20, 17, 107, 156, 1, 1, 1),
(38, 37, 0, 21, 17, 107, 155, 1, 1, 1),
(39, 38, 0, 22, 17, 112, 154, 1, 1, 1),
(40, 39, 0, 23, 17, 109, 153, 1, 1, 1),
(41, 40, 0, 23, 18, 122, 149, 1, -1, 1),
(42, 41, 0, 24, 18, 149, 169, 2, -1, 1),
(43, 42, 0, 24, 19, 110, 145, 1, -1, 1),
(44, 43, 0, 24, 20, 121, 139, 1, -1, 1),
(45, 44, 0, 24, 21, 109, 139, 1, -1, 1),
(46, 45, 0, 24, 22, 120, 139, 1, -1, 1),
(47, 46, 0, 25, 22, 114, 168, 1, 1, 1),
(48, 47, 0, 26, 22, 107, 145, 1, 1, 1),
(49, 48, 0, 26, 23, 119, 139, 1, -1, 1),
(50, 49, 0, 26, 24, 118, 139, 1, -1, 1),
(51, 50, 0, 26, 25, 117, 139, 1, -1, 1),
(52, 51, 0, 26, 26, 116, 139, 1, -1, 1),
(53, 52, 0, 26, 27, 135, 139, 1, -1, 1),
(54, 0, 0, 0, 1, 31, 37, 1, -1, 1),
(55, 54, 0, 0, 2, 30, 35, 1, -1, 1),
(56, 55, 0, 0, 3, 29, 35, 1, -1, 1),
(57, 56, 0, 0, 4, 28, 40, 1, -1, 1),
(58, 57, 0, 1, 4, 2, 35, 1, 1, 1),
(59, 58, 0, 2, 4, 3, 43, 1, 1, 1),
(60, 59, 0, 2, 5, 2, 38, 1, -1, 1),
(61, 60, 0, 3, 5, 4, 37, 1, 1, 1),
(62, 61, 0, 3, 6, 3, 34, 1, -1, 1),
(63, 62, 0, 3, 7, 4, 36, 1, -1, 1),
(64, 63, 0, 3, 8, 27, 34, 1, -1, 1),
(65, 64, 0, 3, 9, 26, 36, 1, -1, 1),
(66, 65, 0, 4, 9, 5, 38, 1, 1, 1),
(67, 66, 0, 4, 10, 25, 32, 1, -1, 1),
(68, 67, 0, 5, 10, 6, 36, 1, 1, 1),
(69, 68, 0, 5, 11, 6, 32, 1, -1, 1),
(70, 69, 0, 5, 12, 5, 32, 1, -1, 1),
(71, 70, 0, 5, 13, 24, 32, 1, -1, 1),
(72, 71, 0, 5, 14, 23, 32, 1, -1, 1),
(73, 72, 0, 5, 15, 22, 32, 1, -1, 1),
(74, 73, 0, 5, 16, 20, 32, 1, -1, 1),
(75, 74, 0, 5, 17, 21, 32, 1, -1, 1),
(76, 75, 0, 6, 17, 52, 52, 3, 1, 1),
(77, 76, 0, 6, 18, 19, 32, 1, -1, 1),
(78, 77, 0, 7, 18, 7, 44, 1, 1, 1),
(79, 78, 0, 7, 19, 7, 32, 1, -1, 1),
(80, 79, 0, 7, 20, 18, 39, 1, -1, 1),
(81, 80, 0, 8, 20, 1, 40, 1, 1, 1),
(82, 81, 0, 9, 20, 1, 32, 1, 1, 1),
(83, 82, 0, 10, 20, 51, 51, 3, 1, 4),
(84, 83, 0, 11, 20, 55, 63, 2, -1, 1),
(85, 84, 0, 11, 21, 17, 34, 1, -1, 1),
(86, 85, 0, 11, 22, 1, 34, 1, -1, 1),
(87, 86, 0, 12, 22, 63, 41, 2, -1, 1),
(88, 87, 0, 13, 22, 48, 48, 3, 1, 3),
(89, 88, 0, 14, 22, 47, 47, 3, 1, 3),
(90, 89, 0, 15, 22, 49, 49, 3, 1, 3),
(91, 90, 0, 15, 23, 16, 41, 1, -1, 1),
(92, 91, 0, 15, 24, 15, 33, 1, -1, 1),
(93, 92, 0, 15, 25, 14, 33, 1, -1, 1),
(94, 93, 0, 15, 26, 13, 33, 1, -1, 1),
(95, 94, 0, 15, 27, 12, 34, 1, -1, 1),
(96, 95, 0, 15, 28, 11, 42, 1, -1, 1),
(97, 96, 0, 15, 29, 10, 33, 1, -1, 1),
(98, 97, 0, 16, 29, 45, 34, 2, -1, 1),
(99, 98, 0, 16, 30, 9, 33, 1, -1, 1),
(100, 99, 0, 17, 30, 33, 42, 2, -1, 1),
(101, 100, 0, 18, 30, 56, 41, 2, -1, 1),
(102, 101, 0, 18, 31, 8, 41, 1, -1, 1),
(103, 0, 0, 1, 0, 172, 207, 1, 1, 1),
(104, 103, 0, 1, 1, 171, 245, 1, -1, 1),
(105, 104, 0, 2, 1, 173, 208, 1, 1, 1),
(106, 105, 0, 2, 2, 172, 245, 1, -1, 1),
(107, 106, 0, 2, 3, 173, 245, 1, -1, 1),
(109, 107, 0, 2, 4, 246, 211, 1, -1, 1),
(110, 109, 0, 2, 5, 247, 211, 1, -1, 1),
(111, 110, 0, 2, 6, 174, 174, 3, -1, 4),
(112, 111, 0, 3, 6, 199, 209, 1, 1, 1),
(113, 112, 0, 3, 7, 201, 245, 1, -1, 1),
(114, 113, 0, 3, 8, 175, 245, 1, -1, 6),
(115, 114, 0, 3, 9, 176, 245, 1, -1, 6),
(116, 115, 0, 3, 10, 177, 245, 1, -1, 6),
(117, 116, 0, 3, 11, 178, 245, 1, -1, 6),
(118, 117, 0, 3, 12, 179, 245, 1, -1, 6),
(119, 118, 0, 3, 13, 180, 245, 1, -1, 6),
(120, 119, 0, 3, 14, 181, 245, 1, -1, 6),
(121, 120, 0, 3, 15, 182, 245, 1, -1, 6),
(122, 121, 0, 3, 16, 183, 245, 1, -1, 6),
(123, 122, 0, 3, 17, 184, 245, 1, -1, 1),
(124, 123, 0, 4, 17, 185, 210, 1, 1, 1),
(125, 124, 0, 4, 18, 185, 245, 1, -1, 6),
(126, 125, 0, 5, 18, 206, 211, 1, 1, 1),
(127, 126, 0, 6, 18, 206, 212, 1, 1, 6),
(128, 127, 0, 6, 19, 186, 245, 1, -1, 1),
(129, 128, 0, 6, 20, 187, 244, 1, -1, 1),
(130, 129, 0, 7, 20, 213, 214, 2, -1, 1),
(131, 130, 0, 8, 20, 214, 214, 3, 1, 6),
(132, 131, 0, 9, 20, 205, 215, 1, 1, 6),
(133, 132, 0, 10, 20, 216, 216, 3, 1, 6),
(134, 133, 0, 11, 20, 217, 217, 3, 1, 6),
(135, 134, 0, 11, 21, 188, 231, 1, -1, 1),
(136, 135, 0, 12, 21, 203, 218, 1, 1, 1),
(137, 136, 0, 12, 22, 189, 223, 1, -1, 1),
(138, 137, 0, 12, 23, 190, 223, 1, -1, 6),
(139, 138, 0, 13, 23, 206, 219, 1, 1, 1),
(140, 139, 0, 13, 24, 191, 234, 1, -1, 1),
(141, 0, 0, 1, 0, 67, 106, 1, 1, 1),
(142, 141, 0, 2, 0, 69, 105, 1, 1, 1),
(143, 142, 0, 3, 0, 65, 104, 1, 1, 1),
(144, 143, 0, 3, 1, 79, 83, 1, -1, 1),
(145, 144, 0, 3, 2, 78, 83, 1, -1, 1),
(146, 145, 0, 4, 2, 64, 103, 1, 1, 1),
(147, 146, 0, 5, 2, 102, 88, 2, -1, 1),
(148, 147, 0, 5, 3, 81, 83, 1, -1, 1),
(149, 148, 0, 5, 4, 80, 83, 1, -1, 1),
(150, 149, 0, 5, 5, 77, 85, 1, -1, 1),
(151, 150, 0, 5, 6, 76, 85, 1, -1, 1),
(152, 151, 0, 6, 6, 65, 101, 1, 1, 1),
(153, 152, 0, 7, 6, 67, 100, 1, 1, 1),
(154, 153, 0, 7, 7, 69, 88, 1, -1, 1),
(155, 154, 0, 8, 7, 65, 99, 1, 1, 1),
(156, 155, 0, 9, 7, 98, 98, 3, 1, 4),
(157, 156, 0, 9, 8, 75, 87, 1, -1, 1),
(158, 157, 0, 9, 9, 74, 84, 1, -1, 1),
(159, 158, 0, 9, 10, 73, 84, 1, -1, 1),
(160, 159, 0, 10, 10, 66, 97, 1, 1, 1),
(161, 160, 0, 11, 10, 66, 96, 1, 1, 1),
(162, 161, 0, 12, 10, 66, 95, 1, 1, 1),
(163, 162, 0, 12, 11, 66, 84, 1, -1, 1),
(164, 163, 0, 13, 11, 68, 84, 1, 1, 1),
(165, 164, 0, 13, 12, 72, 82, 1, -1, 1),
(166, 165, 0, 13, 13, 68, 82, 1, -1, 1),
(167, 166, 0, 14, 13, 94, 94, 3, 1, 6),
(168, 167, 0, 15, 13, 64, 83, 1, 1, 6),
(169, 168, 0, 15, 14, 71, 88, 1, -1, 1),
(170, 169, 0, 15, 15, 70, 86, 1, -1, 1),
(171, 170, 0, 16, 15, 64, 88, 1, 1, 1),
(172, 171, 0, 17, 15, 64, 93, 1, 1, 1),
(173, 172, 0, 17, 16, 64, 82, 1, -1, 1),
(174, 173, 0, 17, 17, 67, 82, 1, -1, 1),
(175, 174, 0, 18, 17, 65, 82, 1, 1, 1),
(176, 175, 0, 18, 18, 65, 85, 1, -1, 1),
(177, 0, 0, 0, 1, 263, 280, 2, 1, 6),
(178, 177, 0, 1, 1, 250, 317, 1, 1, 6),
(179, 178, 0, 1, 2, 279, 285, 1, -1, 1),
(180, 179, 0, 1, 3, 278, 286, 1, -1, 1),
(181, 180, 0, 2, 3, 255, 316, 1, 1, 1),
(182, 181, 0, 2, 4, 277, 291, 1, -1, 1),
(183, 182, 0, 2, 5, 276, 288, 1, -1, 1),
(184, 183, 0, 3, 5, 254, 315, 1, 1, 1),
(185, 184, 0, 4, 5, 250, 314, 1, 1, 1),
(186, 185, 0, 4, 6, 250, 284, 1, -1, 1),
(187, 186, 0, 5, 6, 256, 313, 1, 1, 1),
(188, 187, 0, 5, 7, 275, 284, 1, -1, 1),
(189, 188, 0, 5, 8, 274, 287, 1, -1, 1),
(190, 189, 0, 5, 9, 273, 284, 1, -1, 1),
(191, 190, 0, 5, 10, 272, 292, 1, -1, 1),
(192, 191, 0, 5, 11, 271, 284, 1, -1, 1),
(193, 192, 0, 6, 11, 248, 295, 1, 1, 1),
(194, 193, 0, 6, 12, 281, 270, 2, 1, 1),
(195, 194, 0, 6, 13, 269, 287, 1, -1, 1),
(196, 195, 0, 6, 14, 268, 283, 1, -1, 1),
(197, 196, 0, 6, 15, 267, 293, 1, -1, 1),
(198, 197, 0, 7, 15, 257, 294, 1, 1, 1),
(199, 198, 0, 7, 16, 257, 266, 2, 1, 1),
(200, 199, 0, 7, 17, 265, 288, 1, -1, 1),
(201, 200, 0, 8, 17, 288, 288, 3, 1, 4),
(202, 201, 0, 9, 17, 249, 292, 1, 1, 1),
(203, 202, 0, 9, 18, 264, 290, 1, -1, 1),
(204, 203, 0, 10, 18, 253, 290, 1, 1, 1),
(205, 204, 0, 11, 18, 248, 297, 1, 1, 1),
(206, 205, 0, 11, 19, 257, 282, 1, -1, 1),
(207, 206, 0, 12, 19, 248, 300, 1, 1, 1),
(208, 207, 0, 12, 20, 263, 282, 1, -1, 1),
(209, 208, 0, 12, 21, 262, 286, 1, -1, 1),
(210, 209, 0, 13, 21, 252, 307, 1, 1, 1),
(211, 210, 0, 14, 21, 248, 299, 1, 1, 1),
(212, 211, 0, 14, 22, 253, 284, 1, -1, 1),
(213, 212, 0, 14, 23, 256, 283, 1, -1, 1),
(214, 213, 0, 14, 24, 261, 282, 1, -1, 1),
(215, 214, 0, 15, 24, 251, 283, 1, 1, 4),
(216, 215, 0, 16, 24, 293, 284, 2, -1, 1),
(217, 216, 0, 17, 24, 301, 284, 2, -1, 1),
(218, 217, 0, 18, 24, 306, 284, 2, -1, 1),
(219, 218, 0, 18, 25, 251, 284, 1, -1, 4),
(220, 219, 0, 19, 25, 284, 284, 3, 1, 4),
(221, 220, 0, 20, 25, 248, 298, 1, 1, 1),
(222, 221, 0, 20, 26, 260, 285, 1, -1, 1),
(223, 222, 0, 21, 26, 249, 296, 1, 1, 1),
(224, 223, 0, 21, 27, 255, 289, 1, -1, 1),
(225, 224, 0, 22, 27, 249, 282, 1, 1, 1),
(226, 0, 0, 1, 0, 320, 401, 1, 1, 1),
(227, 226, 0, 1, 1, 334, 364, 1, -1, 1),
(228, 227, 0, 2, 1, 321, 400, 1, 1, 1),
(229, 228, 0, 3, 1, 323, 398, 1, 1, 1),
(230, 229, 0, 3, 2, 333, 361, 1, -1, 1),
(231, 230, 0, 4, 2, 320, 397, 1, 1, 1),
(232, 231, 0, 5, 2, 320, 396, 1, 1, 1),
(233, 232, 0, 6, 2, 320, 395, 1, 1, 1),
(234, 233, 0, 7, 2, 394, 394, 3, 1, 4),
(235, 234, 0, 7, 3, 332, 335, 1, -1, 1),
(236, 235, 0, 8, 3, 386, 364, 2, -1, 1),
(237, 236, 0, 9, 3, 364, 364, 3, 1, 3),
(238, 237, 0, 10, 3, 321, 393, 1, 1, 1),
(239, 238, 0, 11, 3, 389, 389, 3, 1, 4),
(240, 239, 0, 11, 4, 331, 340, 1, -1, 1),
(241, 240, 0, 12, 4, 325, 355, 1, 1, 1),
(242, 241, 0, 13, 4, 324, 388, 1, 1, 1),
(243, 242, 0, 14, 4, 321, 387, 1, 1, 1),
(244, 243, 0, 15, 4, 325, 385, 1, 1, 1),
(245, 244, 0, 15, 5, 325, 363, 1, -1, 1),
(246, 245, 0, 16, 5, 324, 384, 1, 1, 1),
(247, 246, 0, 16, 6, 319, 330, 2, 1, 1),
(248, 247, 0, 17, 6, 320, 383, 1, 1, 1),
(249, 248, 0, 17, 7, 324, 335, 1, -1, 1),
(250, 249, 0, 18, 7, 320, 363, 1, 1, 1),
(251, 250, 0, 19, 7, 320, 343, 1, 1, 1),
(252, 251, 0, 20, 7, 321, 382, 1, 1, 1),
(253, 252, 0, 21, 7, 320, 381, 1, 1, 1),
(254, 253, 0, 22, 7, 320, 380, 1, 1, 1),
(255, 254, 0, 23, 7, 379, 378, 2, -1, 1),
(256, 255, 0, 24, 7, 319, 378, 1, 1, 1),
(257, 256, 0, 25, 7, 319, 352, 1, 1, 1),
(258, 257, 0, 26, 7, 319, 346, 1, 1, 1),
(259, 258, 0, 27, 7, 319, 338, 1, 1, 1),
(260, 259, 0, 28, 7, 319, 345, 1, 1, 1),
(261, 260, 0, 29, 7, 319, 344, 1, 1, 1),
(262, 261, 0, 30, 7, 319, 342, 1, 1, 1),
(263, 262, 0, 31, 7, 319, 402, 1, 1, 1),
(264, 263, 0, 32, 7, 319, 349, 1, 1, 1),
(265, 264, 0, 33, 7, 319, 348, 1, 1, 1),
(266, 265, 0, 34, 7, 319, 377, 1, 1, 1),
(267, 266, 0, 35, 7, 319, 392, 1, 1, 1),
(268, 267, 0, 36, 7, 319, 359, 1, 1, 1),
(269, 268, 0, 37, 7, 319, 391, 1, 1, 1),
(270, 269, 0, 38, 7, 319, 351, 1, 1, 1),
(271, 270, 0, 39, 7, 319, 390, 1, 1, 1),
(272, 271, 0, 40, 7, 319, 347, 1, 1, 1),
(273, 272, 0, 41, 7, 319, 340, 1, 1, 1),
(274, 273, 0, 42, 7, 319, 341, 1, 1, 1),
(275, 274, 0, 43, 7, 319, 399, 1, 1, 1),
(276, 275, 0, 44, 7, 319, 376, 1, 1, 1),
(277, 276, 0, 44, 8, 319, 362, 1, -1, 1),
(278, 277, 0, 44, 9, 329, 362, 1, -1, 1),
(279, 278, 0, 45, 9, 320, 362, 1, 1, 1),
(280, 279, 0, 45, 10, 328, 360, 1, -1, 1),
(281, 280, 0, 46, 10, 323, 375, 1, 1, 1),
(282, 281, 0, 47, 10, 323, 374, 1, 1, 1),
(283, 282, 0, 48, 10, 322, 373, 1, 1, 1),
(284, 283, 0, 49, 10, 322, 372, 1, 1, 1),
(285, 284, 0, 50, 10, 321, 371, 1, 1, 1),
(286, 285, 0, 50, 11, 323, 358, 1, -1, 1),
(287, 286, 0, 51, 11, 322, 370, 1, 1, 1),
(288, 287, 0, 52, 11, 321, 369, 1, 1, 1),
(289, 288, 0, 52, 12, 320, 335, 1, -1, 1),
(290, 289, 0, 53, 12, 322, 368, 1, 1, 1),
(291, 290, 0, 53, 13, 322, 354, 1, -1, 1),
(292, 291, 0, 53, 14, 321, 337, 1, -1, 6),
(293, 292, 0, 53, 15, 327, 336, 1, -1, 1),
(294, 0, 0, 0, 1, 407, 454, 1, -1, 1),
(295, 294, 0, 1, 1, 408, 455, 1, 1, 1),
(296, 295, 0, 2, 1, 408, 456, 1, 1, 1),
(297, 296, 0, 2, 2, 409, 457, 1, -1, 1),
(298, 297, 0, 2, 3, 410, 458, 1, -1, 1),
(299, 298, 0, 2, 4, 411, 458, 1, -1, 1),
(300, 299, 0, 3, 4, 412, 459, 1, 1, 1),
(301, 300, 0, 3, 5, 413, 460, 1, -1, 1),
(302, 301, 0, 4, 5, 414, 460, 1, 1, 1),
(303, 302, 0, 5, 5, 412, 461, 1, 1, 1),
(304, 303, 0, 5, 6, 415, 462, 1, -1, 1),
(305, 304, 0, 5, 7, 416, 457, 1, -1, 1),
(306, 305, 0, 5, 8, 417, 457, 1, -1, 1),
(307, 306, 0, 6, 8, 412, 463, 1, 1, 1),
(308, 307, 0, 7, 8, 412, 464, 1, 1, 1),
(309, 308, 0, 7, 9, 418, 465, 1, -1, 1),
(310, 309, 0, 8, 9, 412, 466, 1, 1, 1),
(311, 310, 0, 9, 9, 412, 467, 1, 1, 1),
(312, 311, 0, 9, 10, 419, 462, 1, -1, 1),
(313, 312, 0, 10, 10, 412, 468, 1, 1, 1),
(314, 313, 0, 11, 10, 412, 469, 1, 1, 1),
(315, 314, 0, 12, 10, 412, 470, 1, 1, 1),
(316, 315, 0, 13, 10, 412, 471, 1, 1, 1),
(317, 316, 0, 13, 11, 420, 462, 1, -1, 1),
(318, 317, 0, 13, 12, 421, 462, 1, -1, 1),
(319, 318, 0, 13, 13, 422, 462, 1, -1, 1),
(320, 319, 0, 13, 14, 423, 462, 1, -1, 1),
(321, 320, 0, 13, 15, 424, 462, 1, -1, 1),
(322, 321, 0, 13, 16, 425, 462, 1, -1, 1),
(323, 322, 0, 14, 16, 412, 472, 1, 1, 1),
(324, 323, 0, 14, 17, 414, 462, 1, -1, 1),
(325, 324, 0, 14, 18, 426, 462, 1, -1, 1),
(326, 325, 0, 14, 19, 427, 462, 1, -1, 1),
(327, 326, 0, 14, 20, 428, 465, 1, -1, 1),
(328, 327, 0, 14, 21, 429, 473, 1, -1, 1),
(329, 328, 0, 14, 22, 430, 462, 1, -1, 1),
(330, 329, 0, 14, 23, 431, 462, 1, -1, 1),
(331, 330, 0, 14, 24, 494, 462, 1, -1, 1),
(332, 331, 0, 14, 25, 432, 462, 1, -1, 1),
(333, 332, 0, 14, 26, 433, 465, 1, -1, 1),
(334, 333, 0, 14, 27, 434, 473, 1, -1, 1),
(335, 334, 0, 15, 27, 435, 474, 1, 1, 1),
(336, 335, 0, 15, 28, 435, 475, 1, -1, 1),
(337, 336, 0, 16, 28, 408, 475, 1, 1, 1),
(338, 337, 0, 16, 29, 436, 476, 1, -1, 1),
(339, 338, 0, 17, 29, 437, 477, 1, 1, 1),
(340, 339, 0, 17, 30, 438, 457, 1, -1, 1),
(341, 340, 0, 18, 30, 439, 476, 1, 1, 1),
(342, 341, 0, 18, 31, 440, 478, 1, -1, 1),
(343, 342, 0, 18, 32, 439, 478, 1, -1, 1),
(344, 343, 0, 18, 33, 408, 478, 1, -1, 1),
(345, 344, 0, 18, 34, 441, 478, 1, -1, 1),
(346, 345, 0, 18, 35, 412, 478, 1, -1, 1),
(347, 346, 0, 18, 36, 437, 478, 1, -1, 1),
(348, 347, 0, 18, 37, 442, 478, 1, -1, 1),
(349, 348, 0, 18, 38, 443, 478, 1, -1, 1),
(350, 349, 0, 18, 39, 444, 478, 1, -1, 1),
(351, 350, 0, 18, 40, 453, 478, 1, -1, 1),
(352, 351, 0, 18, 41, 445, 479, 1, -1, 1),
(353, 352, 0, 18, 42, 446, 473, 1, -1, 1),
(354, 353, 0, 18, 43, 447, 473, 1, -1, 1),
(355, 354, 0, 18, 44, 448, 478, 1, -1, 1),
(356, 355, 0, 18, 45, 449, 473, 1, -1, 1),
(357, 356, 0, 18, 46, 450, 479, 1, -1, 1),
(358, 357, 0, 18, 47, 451, 462, 1, -1, 1),
(359, 358, 0, 18, 48, 452, 478, 1, -1, 1),
(360, 0, 0, 0, 1, 495, 516, 1, -1, 1),
(361, 360, 0, 0, 2, 496, 497, 2, 1, 1),
(362, 361, 0, 0, 3, 498, 516, 1, -1, 1),
(363, 362, 0, 0, 4, 499, 517, 1, -1, 1),
(364, 402, 0, 32, 10, 500, 517, 1, 1, 1),
(365, 363, 0, 0, 5, 501, 518, 1, -1, 1),
(366, 365, 0, 1, 5, 502, 516, 1, 1, 1),
(367, 366, 0, 2, 5, 503, 519, 1, 1, 1),
(368, 367, 0, 3, 5, 503, 520, 1, 1, 6),
(369, 368, 0, 4, 5, 503, 521, 1, 1, 6),
(370, 369, 0, 5, 5, 503, 522, 1, 1, 6),
(371, 370, 0, 6, 5, 503, 523, 1, 1, 6),
(372, 371, 0, 7, 5, 503, 524, 1, 1, 6),
(373, 372, 0, 8, 5, 503, 525, 1, 1, 6),
(374, 373, 0, 9, 5, 503, 526, 1, 1, 6),
(375, 374, 0, 10, 5, 503, 527, 1, 1, 6),
(376, 375, 0, 11, 5, 503, 528, 1, 1, 6),
(377, 376, 0, 12, 5, 503, 529, 1, 1, 6),
(378, 377, 0, 13, 5, 503, 530, 1, 1, 6),
(379, 378, 0, 14, 5, 503, 531, 1, 1, 6),
(380, 379, 0, 15, 5, 503, 532, 1, 1, 6),
(381, 380, 0, 16, 5, 503, 533, 1, 1, 6),
(382, 381, 0, 17, 5, 503, 534, 1, 1, 6),
(383, 382, 0, 18, 5, 503, 535, 1, 1, 6),
(384, 383, 0, 19, 5, 503, 570, 1, 1, 6),
(385, 384, 0, 20, 5, 503, 571, 1, 1, 6),
(386, 385, 0, 21, 5, 503, 572, 1, 1, 6),
(387, 386, 0, 22, 5, 503, 537, 1, 1, 6),
(388, 387, 0, 22, 6, 504, 517, 1, -1, 1),
(389, 388, 0, 23, 6, 503, 538, 1, 1, 1),
(390, 389, 0, 24, 6, 503, 539, 1, 1, 1),
(391, 390, 0, 25, 6, 503, 540, 1, 1, 1),
(392, 391, 0, 26, 6, 503, 541, 1, 1, 6),
(393, 392, 0, 27, 6, 503, 542, 1, 1, 6),
(394, 393, 0, 28, 6, 502, 543, 1, 1, 1),
(395, 394, 0, 29, 6, 545, 544, 2, -1, 3),
(396, 395, 0, 29, 7, 502, 546, 1, -1, 1),
(397, 396, 0, 30, 7, 496, 547, 1, 1, 1),
(398, 397, 0, 30, 8, 505, 546, 1, -1, 1),
(399, 364, 0, 33, 10, 546, 546, 3, 1, 6),
(400, 398, 0, 31, 8, 496, 548, 1, 1, 1),
(401, 400, 0, 31, 9, 506, 517, 1, -1, 1),
(402, 401, 0, 31, 10, 507, 546, 1, -1, 1),
(403, 399, 0, 33, 11, 508, 549, 1, -1, 1),
(404, 403, 0, 34, 11, 509, 550, 1, 1, 1),
(405, 404, 0, 34, 12, 509, 510, 2, 1, 1),
(406, 405, 0, 34, 13, 511, 551, 1, -1, 1),
(407, 406, 0, 35, 13, 496, 552, 1, 1, 1),
(408, 407, 0, 36, 13, 496, 553, 1, 1, 1),
(409, 408, 0, 36, 14, 512, 536, 1, -1, 1),
(410, 409, 0, 36, 15, 503, 551, 1, -1, 1),
(411, 410, 0, 36, 16, 496, 554, 1, -1, 1),
(412, 411, 0, 37, 16, 555, 554, 2, -1, 1),
(413, 412, 0, 37, 17, 513, 556, 1, -1, 1),
(414, 413, 0, 37, 18, 514, 551, 1, -1, 1),
(415, 0, 0, 0, 1, 591, 578, 1, -1, 1),
(416, 415, 0, 1, 1, 593, 586, 1, 1, 1),
(417, 416, 0, 1, 2, 596, 578, 1, -1, 1),
(418, 417, 0, 1, 3, 597, 578, 1, -1, 1),
(419, 418, 0, 2, 3, 593, 577, 1, 1, 1),
(420, 419, 0, 2, 4, 573, 578, 1, -1, 1),
(421, 420, 0, 2, 5, 599, 578, 1, -1, 1),
(422, 421, 0, 2, 6, 595, 578, 1, -1, 1),
(423, 422, 0, 2, 7, 590, 578, 1, -1, 1),
(424, 423, 0, 2, 8, 598, 578, 1, -1, 1),
(425, 424, 0, 2, 9, 600, 578, 1, -1, 1),
(426, 425, 0, 2, 10, 602, 578, 1, -1, 6),
(427, 426, 0, 3, 10, 593, 589, 1, 1, 1),
(428, 427, 0, 4, 10, 593, 580, 1, 1, 6),
(429, 428, 0, 5, 10, 593, 585, 1, 1, 1),
(430, 429, 0, 6, 10, 593, 578, 1, 1, 1),
(431, 430, 0, 7, 10, 593, 588, 1, 1, 1),
(432, 431, 0, 8, 10, 593, 584, 1, 1, 1),
(433, 432, 0, 9, 10, 593, 579, 1, 1, 1),
(434, 433, 0, 9, 11, 592, 581, 1, -1, 3),
(435, 434, 0, 9, 12, 576, 581, 1, -1, 4),
(436, 435, 0, 9, 13, 594, 581, 1, -1, 4),
(437, 436, 0, 9, 14, 601, 581, 1, -1, 3),
(438, 437, 0, 10, 14, 593, 581, 1, 1, 4),
(439, 438, 0, 10, 15, 593, 582, 1, -1, 6);

-- --------------------------------------------------------

--
-- Структура таблицы `ourwot_battle_player`
--

CREATE TABLE IF NOT EXISTS `ourwot_battle_player` (
  `id` int(10) unsigned NOT NULL AUTO_INCREMENT,
  `battle_id` int(10) unsigned NOT NULL,
  `teem_id` int(10) unsigned NOT NULL,
  `player_id` int(10) unsigned NOT NULL,
  `destroyed_enemies` int(10) NOT NULL DEFAULT '0',
  `destroyed_confederates` int(10) NOT NULL DEFAULT '0',
  `score` int(10) NOT NULL DEFAULT '0',
  `status` int(10) unsigned NOT NULL DEFAULT '1',
  PRIMARY KEY (`id`),
  UNIQUE KEY `battle_id` (`battle_id`,`player_id`),
  KEY `battleid` (`battle_id`),
  KEY `battleid_2` (`battle_id`),
  KEY `battleid_3` (`battle_id`),
  KEY `battleid_4` (`battle_id`),
  KEY `teem_id` (`teem_id`),
  KEY `player_id` (`player_id`)
) ENGINE=InnoDB  DEFAULT CHARSET=utf8 AUTO_INCREMENT=603 ;

--
-- Дамп данных таблицы `ourwot_battle_player`
--

INSERT INTO `ourwot_battle_player` (`id`, `battle_id`, `teem_id`, `player_id`, `destroyed_enemies`, `destroyed_confederates`, `score`, `status`) VALUES
(1, 1, 1, 3, 2, 0, 2, 2),
(2, 1, 1, 6, 1, 0, 1, 2),
(3, 1, 1, 7, 1, 0, 1, 2),
(4, 1, 1, 8, 1, 0, 1, 2),
(5, 1, 1, 9, 1, 0, 1, 2),
(6, 1, 1, 10, 1, 0, 1, 2),
(7, 1, 1, 11, 1, 0, 1, 2),
(8, 1, 1, 12, 0, 0, 0, 2),
(9, 1, 1, 13, 0, 0, 0, 2),
(10, 1, 1, 14, 0, 0, 0, 2),
(11, 1, 1, 15, 0, 0, 0, 2),
(12, 1, 1, 16, 0, 0, 0, 2),
(13, 1, 1, 17, 0, 0, 0, 2),
(14, 1, 1, 18, 0, 0, 0, 2),
(15, 1, 1, 19, 0, 0, 0, 2),
(16, 1, 1, 20, 0, 0, 0, 2),
(17, 1, 1, 21, 0, 0, 0, 2),
(18, 1, 1, 22, 0, 0, 0, 2),
(19, 1, 1, 23, 0, 0, 0, 2),
(20, 1, 1, 24, 0, 0, 0, 2),
(21, 1, 1, 25, 0, 0, 0, 2),
(22, 1, 1, 26, 0, 0, 0, 2),
(23, 1, 1, 27, 0, 0, 0, 2),
(24, 1, 1, 33, 0, 0, 0, 2),
(25, 1, 1, 28, 0, 0, 0, 2),
(26, 1, 1, 29, 0, 0, 0, 2),
(27, 1, 1, 30, 0, 0, 0, 2),
(28, 1, 1, 4, 0, 0, 0, 2),
(29, 1, 1, 31, 0, 0, 0, 2),
(30, 1, 1, 2, 0, 0, 0, 2),
(31, 1, 1, 32, 0, 0, 0, 2),
(32, 1, 3, 34, 10, 0, 10, 2),
(33, 1, 3, 35, 5, 0, 5, 2),
(34, 1, 3, 36, 5, 1, 4, 1),
(35, 1, 3, 37, 2, 0, 2, 2),
(36, 1, 3, 38, 2, 0, 2, 2),
(37, 1, 3, 39, 1, 0, 1, 2),
(38, 1, 3, 40, 1, 0, 1, 2),
(39, 1, 3, 1, 1, 0, 1, 1),
(40, 1, 3, 41, 1, 0, 1, 2),
(41, 1, 3, 42, 2, 2, 0, 1),
(42, 1, 3, 43, 1, 1, 0, 1),
(43, 1, 3, 5, 0, 0, 0, 2),
(44, 1, 3, 44, 0, 0, 0, 2),
(45, 1, 3, 45, 0, 0, 0, 2),
(46, 1, 3, 46, 0, 0, 0, 1),
(47, 1, 3, 47, 0, 0, 0, 3),
(48, 1, 3, 48, 0, 0, 0, 3),
(49, 1, 3, 49, 0, 0, 0, 3),
(50, 1, 3, 50, 0, 0, 0, 1),
(51, 1, 3, 51, 0, 0, 0, 3),
(52, 1, 3, 52, 0, 0, 0, 3),
(53, 1, 3, 53, 0, 0, 0, 1),
(54, 1, 3, 54, 0, 0, 0, 1),
(55, 1, 3, 55, 0, 0, 0, 2),
(56, 1, 3, 56, 0, 0, 0, 2),
(57, 1, 3, 57, 0, 0, 0, 1),
(58, 1, 3, 58, 0, 0, 0, 1),
(59, 1, 3, 59, 0, 0, 0, 1),
(60, 1, 3, 60, 0, 0, 0, 1),
(61, 1, 3, 61, 0, 0, 0, 1),
(62, 1, 3, 62, 0, 0, 0, 1),
(63, 1, 3, 63, 0, 1, -1, 2),
(64, 2, 1, 37, 4, 0, 4, 2),
(65, 2, 1, 63, 4, 0, 4, 2),
(66, 2, 1, 40, 3, 0, 3, 2),
(67, 2, 1, 38, 2, 0, 2, 2),
(68, 2, 1, 6, 1, 0, 1, 2),
(69, 2, 1, 27, 1, 0, 1, 2),
(70, 2, 1, 50, 0, 0, 0, 2),
(71, 2, 1, 9, 0, 0, 0, 2),
(72, 2, 1, 11, 0, 0, 0, 2),
(73, 2, 1, 19, 0, 0, 0, 2),
(74, 2, 1, 3, 0, 0, 0, 2),
(75, 2, 1, 30, 0, 0, 0, 2),
(76, 2, 1, 26, 0, 0, 0, 2),
(77, 2, 1, 52, 0, 0, 0, 2),
(78, 2, 1, 4, 0, 0, 0, 2),
(79, 2, 1, 48, 0, 0, 0, 2),
(80, 2, 1, 64, 0, 0, 0, 2),
(81, 2, 1, 65, 0, 0, 0, 2),
(82, 2, 3, 66, 4, 0, 4, 2),
(83, 2, 3, 34, 4, 0, 4, 2),
(84, 2, 3, 43, 3, 0, 3, 2),
(85, 2, 3, 68, 3, 0, 3, 1),
(86, 2, 3, 24, 1, 0, 1, 1),
(87, 2, 3, 41, 1, 0, 1, 1),
(88, 2, 3, 61, 2, 1, 1, 2),
(89, 2, 3, 32, 0, 0, 0, 1),
(90, 2, 3, 69, 0, 0, 0, 1),
(91, 2, 3, 62, 0, 0, 0, 1),
(92, 2, 3, 46, 0, 0, 0, 1),
(93, 2, 3, 45, 0, 0, 0, 2),
(94, 2, 3, 70, 0, 0, 0, 3),
(95, 2, 3, 2, 0, 0, 0, 2),
(96, 2, 3, 57, 0, 0, 0, 2),
(97, 2, 3, 74, 0, 0, 0, 2),
(98, 2, 3, 17, 0, 0, 0, 3),
(99, 2, 3, 47, 0, 0, 0, 2),
(100, 2, 3, 71, 0, 0, 0, 2),
(101, 2, 3, 53, 0, 0, 0, 2),
(102, 2, 3, 12, 0, 0, 0, 2),
(103, 2, 3, 54, 0, 0, 0, 2),
(104, 2, 3, 75, 0, 0, 0, 2),
(105, 2, 3, 72, 0, 0, 0, 2),
(106, 2, 3, 51, 0, 0, 0, 2),
(107, 3, 1, 38, 8, 0, 8, 1),
(108, 3, 1, 34, 3, 0, 3, 2),
(109, 3, 1, 60, 3, 0, 3, 2),
(110, 3, 1, 8, 2, 0, 2, 2),
(111, 3, 1, 48, 1, 0, 1, 1),
(112, 3, 1, 58, 1, 0, 1, 1),
(113, 3, 1, 45, 1, 0, 1, 2),
(114, 3, 1, 6, 1, 0, 1, 1),
(115, 3, 1, 54, 0, 0, 0, 1),
(116, 3, 1, 31, 0, 0, 0, 2),
(117, 3, 1, 13, 0, 0, 0, 2),
(118, 3, 1, 10, 0, 0, 0, 2),
(119, 3, 1, 29, 0, 0, 0, 2),
(120, 3, 1, 4, 0, 0, 0, 2),
(121, 3, 1, 56, 0, 0, 0, 2),
(122, 3, 1, 44, 0, 0, 0, 2),
(123, 3, 1, 50, 0, 0, 0, 2),
(124, 3, 1, 14, 0, 0, 0, 2),
(125, 3, 1, 5, 0, 0, 0, 2),
(126, 3, 1, 7, 0, 0, 0, 2),
(127, 3, 1, 51, 0, 0, 0, 2),
(128, 3, 1, 49, 0, 0, 0, 2),
(129, 3, 1, 1, 0, 0, 0, 2),
(130, 3, 1, 28, 0, 0, 0, 2),
(131, 3, 1, 62, 0, 0, 0, 2),
(132, 3, 1, 15, 0, 0, 0, 2),
(133, 3, 1, 52, 0, 0, 0, 2),
(134, 3, 1, 27, 0, 0, 0, 2),
(135, 3, 1, 12, 0, 0, 0, 2),
(136, 3, 1, 47, 0, 0, 0, 2),
(137, 3, 1, 26, 0, 0, 0, 2),
(138, 3, 1, 33, 0, 0, 0, 2),
(139, 3, 3, 42, 8, 0, 8, 1),
(140, 3, 3, 37, 4, 1, 3, 2),
(141, 3, 3, 43, 3, 0, 3, 2),
(142, 3, 3, 40, 2, 0, 2, 2),
(143, 3, 3, 9, 3, 1, 2, 2),
(144, 3, 3, 36, 1, 0, 1, 2),
(145, 3, 3, 17, 1, 0, 1, 2),
(146, 3, 3, 53, 1, 0, 1, 2),
(147, 3, 3, 24, 1, 0, 1, 2),
(148, 3, 3, 22, 1, 0, 1, 1),
(149, 3, 3, 25, 1, 0, 1, 2),
(150, 3, 3, 19, 0, 0, 0, 1),
(151, 3, 3, 74, 0, 0, 0, 1),
(152, 3, 3, 21, 0, 0, 0, 3),
(153, 3, 3, 16, 0, 0, 0, 2),
(154, 3, 3, 59, 0, 0, 0, 2),
(155, 3, 3, 20, 0, 0, 0, 2),
(156, 3, 3, 18, 0, 0, 0, 2),
(157, 3, 3, 61, 0, 0, 0, 2),
(158, 3, 3, 23, 0, 0, 0, 2),
(159, 3, 3, 2, 0, 0, 0, 2),
(160, 3, 3, 32, 0, 0, 0, 2),
(161, 3, 3, 57, 0, 0, 0, 2),
(162, 3, 3, 75, 0, 0, 0, 2),
(163, 3, 3, 11, 0, 0, 0, 2),
(164, 3, 3, 46, 0, 0, 0, 2),
(165, 3, 3, 41, 0, 0, 0, 2),
(166, 3, 3, 30, 0, 0, 0, 2),
(167, 3, 3, 3, 0, 0, 0, 2),
(168, 3, 3, 55, 0, 0, 0, 2),
(169, 3, 3, 63, 1, 3, -2, 1),
(171, 4, 1, 94, 0, 0, 0, 2),
(172, 4, 1, 85, 1, 0, 1, 2),
(173, 4, 1, 76, 1, 0, 1, 2),
(174, 4, 1, 95, 0, 0, 0, 3),
(175, 4, 1, 79, 0, 0, 0, 2),
(176, 4, 1, 96, 0, 0, 0, 2),
(177, 4, 1, 20, 0, 0, 0, 2),
(178, 4, 1, 32, 0, 0, 0, 2),
(179, 4, 1, 97, 0, 0, 0, 2),
(180, 4, 1, 98, 0, 0, 0, 2),
(181, 4, 1, 99, 0, 0, 0, 2),
(182, 4, 1, 100, 0, 0, 0, 2),
(183, 4, 1, 21, 0, 0, 0, 2),
(184, 4, 1, 101, 0, 0, 0, 2),
(185, 4, 1, 102, 1, 0, 1, 2),
(186, 4, 1, 75, 0, 0, 0, 2),
(187, 4, 1, 93, 0, 0, 0, 2),
(188, 4, 1, 103, 0, 0, 0, 2),
(189, 4, 1, 104, 0, 0, 0, 2),
(190, 4, 1, 105, 0, 0, 0, 2),
(191, 4, 1, 106, 0, 0, 0, 2),
(192, 4, 1, 107, 0, 0, 0, 1),
(193, 4, 1, 108, 0, 0, 0, 1),
(194, 4, 1, 28, 0, 0, 0, 1),
(195, 4, 1, 92, 0, 0, 0, 1),
(196, 4, 1, 57, 0, 0, 0, 1),
(197, 4, 1, 26, 0, 0, 0, 1),
(198, 4, 1, 89, 0, 0, 0, 1),
(199, 4, 1, 78, 1, 0, 1, 1),
(200, 4, 1, 5, 0, 0, 0, 1),
(201, 4, 1, 43, 0, 0, 0, 2),
(202, 4, 1, 1, 0, 0, 0, 1),
(203, 4, 1, 61, 1, 0, 1, 1),
(204, 4, 1, 118, 0, 0, 0, 1),
(205, 4, 1, 40, 1, 0, 1, 1),
(206, 4, 1, 68, 3, 0, 3, 1),
(207, 4, 3, 119, 0, 0, 0, 2),
(208, 4, 3, 15, 0, 0, 0, 2),
(209, 4, 3, 120, 0, 0, 0, 2),
(210, 4, 3, 16, 0, 0, 0, 2),
(211, 4, 3, 41, 2, 0, 2, 2),
(212, 4, 3, 52, 0, 0, 0, 2),
(213, 4, 3, 33, 0, 0, 0, 2),
(214, 4, 3, 83, 0, 1, -1, 3),
(215, 4, 3, 121, 0, 0, 0, 2),
(216, 4, 3, 91, 0, 0, 0, 3),
(217, 4, 3, 17, 0, 0, 0, 3),
(218, 4, 3, 22, 0, 0, 0, 2),
(219, 4, 3, 11, 0, 0, 0, 2),
(220, 4, 3, 109, 0, 0, 0, 1),
(221, 4, 3, 110, 0, 0, 0, 1),
(222, 4, 3, 111, 0, 0, 0, 1),
(223, 4, 3, 112, 2, 0, 2, 1),
(224, 4, 3, 113, 0, 0, 0, 1),
(225, 4, 3, 90, 0, 0, 0, 1),
(226, 4, 3, 114, 0, 0, 0, 1),
(227, 4, 3, 115, 0, 0, 0, 1),
(228, 4, 3, 23, 0, 0, 0, 1),
(229, 4, 3, 55, 0, 0, 0, 1),
(230, 4, 3, 59, 0, 0, 0, 1),
(231, 4, 3, 31, 1, 0, 1, 1),
(232, 4, 3, 116, 0, 0, 0, 1),
(233, 4, 3, 69, 0, 0, 0, 1),
(234, 4, 3, 77, 1, 0, 1, 1),
(235, 4, 3, 87, 0, 0, 0, 1),
(236, 4, 3, 4, 0, 0, 0, 1),
(237, 4, 3, 54, 0, 0, 0, 1),
(238, 4, 3, 84, 0, 0, 0, 1),
(239, 4, 3, 2, 0, 0, 0, 1),
(240, 4, 3, 30, 0, 0, 0, 1),
(241, 4, 3, 53, 0, 0, 0, 1),
(242, 4, 3, 63, 0, 0, 0, 1),
(243, 4, 3, 24, 0, 0, 0, 1),
(244, 4, 3, 81, 1, 0, 1, 1),
(245, 4, 3, 82, 16, 0, 16, 1),
(246, 4, 1, 51, 0, 0, 0, 2),
(247, 4, 1, 56, 0, 0, 0, 2),
(248, 5, 1, 34, 5, 0, 5, 1),
(249, 5, 1, 48, 3, 0, 3, 1),
(250, 5, 1, 6, 2, 0, 2, 2),
(251, 5, 1, 29, 1, 0, 1, 2),
(252, 5, 1, 58, 1, 0, 1, 1),
(253, 5, 1, 8, 1, 0, 1, 2),
(254, 5, 1, 13, 1, 0, 1, 1),
(255, 5, 1, 74, 1, 0, 1, 2),
(256, 5, 1, 14, 1, 0, 1, 2),
(257, 5, 1, 45, 1, 1, 0, 2),
(258, 5, 1, 56, 0, 0, 0, 1),
(259, 5, 1, 26, 0, 0, 0, 1),
(260, 5, 1, 54, 0, 0, 0, 2),
(261, 5, 1, 51, 0, 0, 0, 2),
(262, 5, 1, 28, 0, 0, 0, 2),
(263, 5, 1, 50, 0, 1, -1, 2),
(264, 5, 1, 49, 0, 0, 0, 2),
(265, 5, 1, 55, 0, 0, 0, 2),
(266, 5, 1, 44, 0, 0, 0, 2),
(267, 5, 1, 10, 0, 0, 0, 2),
(268, 5, 1, 4, 0, 0, 0, 2),
(269, 5, 1, 21, 0, 0, 0, 2),
(270, 5, 1, 18, 0, 0, 0, 2),
(271, 5, 1, 62, 0, 0, 0, 2),
(272, 5, 1, 12, 0, 0, 0, 2),
(273, 5, 1, 7, 0, 0, 0, 2),
(274, 5, 1, 60, 0, 0, 0, 2),
(275, 5, 1, 31, 0, 0, 0, 2),
(276, 5, 1, 27, 0, 0, 0, 2),
(277, 5, 1, 15, 0, 0, 0, 2),
(278, 5, 1, 25, 0, 0, 0, 2),
(279, 5, 1, 33, 0, 0, 0, 2),
(280, 5, 1, 5, 0, 0, 0, 2),
(281, 5, 1, 38, 0, 1, -1, 1),
(282, 5, 3, 53, 3, 0, 3, 2),
(283, 5, 3, 40, 2, 0, 2, 2),
(284, 5, 3, 64, 6, 3, 3, 3),
(285, 5, 3, 73, 2, 0, 2, 1),
(286, 5, 3, 43, 2, 0, 2, 1),
(287, 5, 3, 122, 2, 0, 2, 1),
(288, 5, 3, 63, 2, 0, 2, 3),
(289, 5, 3, 41, 1, 0, 1, 1),
(290, 5, 3, 3, 1, 0, 1, 2),
(291, 5, 3, 65, 1, 0, 1, 1),
(292, 5, 3, 24, 1, 0, 1, 2),
(293, 5, 3, 47, 1, 0, 1, 2),
(294, 5, 3, 61, 0, 0, 0, 2),
(295, 5, 3, 9, 0, 0, 0, 2),
(296, 5, 3, 1, 0, 0, 0, 2),
(297, 5, 3, 2, 0, 0, 0, 2),
(298, 5, 3, 30, 0, 0, 0, 2),
(299, 5, 3, 32, 0, 0, 0, 2),
(300, 5, 3, 23, 0, 0, 0, 2),
(301, 5, 3, 20, 0, 0, 0, 2),
(302, 5, 3, 17, 0, 0, 0, 1),
(303, 5, 3, 52, 0, 0, 0, 1),
(304, 5, 3, 75, 0, 0, 0, 1),
(305, 5, 3, 69, 0, 0, 0, 1),
(306, 5, 3, 57, 0, 0, 0, 2),
(307, 5, 3, 123, 0, 0, 0, 2),
(308, 5, 3, 115, 0, 0, 0, 1),
(309, 5, 3, 124, 0, 0, 0, 1),
(310, 5, 3, 104, 0, 0, 0, 1),
(311, 5, 3, 112, 0, 0, 0, 1),
(312, 5, 3, 120, 0, 0, 0, 1),
(313, 5, 3, 94, 0, 0, 0, 2),
(314, 5, 3, 16, 0, 0, 0, 2),
(315, 5, 3, 100, 0, 0, 0, 2),
(316, 5, 3, 22, 0, 0, 0, 2),
(317, 5, 3, 46, 0, 0, 0, 2),
(318, 5, 3, 19, 0, 0, 0, 1),
(319, 6, 1, 8, 21, 1, 20, 2),
(320, 6, 1, 38, 10, 0, 10, 2),
(321, 6, 1, 74, 6, 0, 6, 2),
(322, 6, 1, 31, 4, 0, 4, 2),
(323, 6, 1, 2, 3, 0, 3, 2),
(324, 6, 1, 62, 2, 0, 2, 2),
(325, 6, 1, 89, 2, 0, 2, 2),
(326, 6, 1, 33, 0, 0, 0, 1),
(327, 6, 1, 29, 0, 0, 0, 2),
(328, 6, 1, 58, 0, 0, 0, 2),
(329, 6, 1, 26, 0, 0, 0, 2),
(330, 6, 1, 52, 0, 0, 0, 2),
(331, 6, 1, 5, 0, 0, 0, 2),
(332, 6, 1, 106, 0, 0, 0, 2),
(333, 6, 1, 1, 0, 0, 0, 2),
(334, 6, 1, 45, 0, 0, 0, 2),
(335, 6, 3, 125, 3, 0, 3, 1),
(336, 6, 3, 59, 1, 0, 1, 1),
(337, 6, 3, 19, 1, 0, 1, 1),
(338, 6, 3, 109, 0, 0, 0, 2),
(339, 6, 3, 103, 0, 0, 0, 1),
(340, 6, 3, 105, 1, 0, 1, 2),
(341, 6, 3, 119, 0, 0, 0, 2),
(342, 6, 3, 100, 0, 0, 0, 2),
(343, 6, 3, 98, 0, 0, 0, 2),
(344, 6, 3, 111, 0, 0, 0, 2),
(345, 6, 3, 124, 0, 0, 0, 2),
(346, 6, 3, 113, 0, 0, 0, 2),
(347, 6, 3, 110, 0, 0, 0, 2),
(348, 6, 3, 115, 0, 0, 0, 2),
(349, 6, 3, 95, 0, 0, 0, 2),
(350, 6, 3, 114, 0, 0, 0, 1),
(351, 6, 3, 108, 0, 0, 0, 2),
(352, 6, 3, 107, 0, 0, 0, 2),
(353, 6, 3, 97, 0, 0, 0, 1),
(354, 6, 3, 104, 1, 0, 1, 1),
(355, 6, 3, 112, 0, 0, 0, 2),
(356, 6, 3, 120, 0, 0, 0, 1),
(357, 6, 3, 99, 0, 0, 0, 1),
(358, 6, 3, 96, 1, 0, 1, 1),
(359, 6, 3, 94, 0, 0, 0, 2),
(360, 6, 3, 20, 1, 0, 1, 1),
(361, 6, 3, 40, 1, 0, 1, 1),
(362, 6, 3, 7, 2, 0, 2, 2),
(363, 6, 3, 61, 1, 0, 1, 2),
(364, 6, 3, 37, 1, 1, 0, 3),
(365, 6, 3, 34, 0, 0, 0, 1),
(366, 6, 3, 3, 0, 0, 0, 1),
(367, 6, 3, 6, 0, 0, 0, 1),
(368, 6, 3, 55, 0, 0, 0, 2),
(369, 6, 3, 57, 0, 0, 0, 2),
(370, 6, 3, 22, 0, 0, 0, 2),
(371, 6, 3, 101, 0, 0, 0, 2),
(372, 6, 3, 50, 0, 0, 0, 2),
(373, 6, 3, 41, 0, 0, 0, 2),
(374, 6, 3, 12, 0, 0, 0, 2),
(375, 6, 3, 102, 0, 0, 0, 2),
(376, 6, 3, 43, 0, 0, 0, 2),
(377, 6, 3, 17, 0, 0, 0, 2),
(378, 6, 3, 63, 0, 1, -1, 2),
(379, 6, 3, 48, 0, 0, 0, 2),
(380, 6, 3, 10, 0, 0, 0, 2),
(381, 6, 3, 27, 0, 0, 0, 2),
(382, 6, 3, 44, 0, 0, 0, 2),
(383, 6, 3, 9, 0, 0, 0, 2),
(384, 6, 3, 64, 0, 0, 0, 2),
(385, 6, 3, 49, 0, 0, 0, 2),
(386, 6, 3, 30, 0, 0, 0, 2),
(387, 6, 3, 28, 0, 0, 0, 2),
(388, 6, 3, 23, 0, 0, 0, 2),
(389, 6, 3, 122, 0, 0, 0, 3),
(390, 6, 3, 16, 0, 0, 0, 2),
(391, 6, 3, 21, 0, 0, 0, 2),
(392, 6, 3, 13, 0, 0, 0, 2),
(393, 6, 3, 15, 0, 0, 0, 2),
(394, 6, 3, 60, 0, 0, 0, 3),
(395, 6, 3, 69, 0, 0, 0, 2),
(396, 6, 3, 53, 0, 0, 0, 2),
(397, 6, 3, 46, 0, 0, 0, 2),
(398, 6, 3, 75, 0, 0, 0, 2),
(399, 6, 3, 54, 0, 0, 0, 2),
(400, 6, 3, 14, 0, 0, 0, 2),
(401, 6, 3, 32, 0, 0, 0, 2),
(402, 6, 3, 126, 0, 0, 0, 2),
(403, 6, 3, 25, 0, 0, 0, 1),
(404, 6, 3, 18, 0, 0, 0, 1),
(405, 6, 3, 56, 0, 0, 0, 1),
(406, 6, 3, 129, 0, 0, 0, 1),
(407, 7, 1, 27, 0, 0, 0, 2),
(408, 7, 1, 24, 3, 0, 3, 2),
(409, 7, 1, 106, 0, 0, 0, 2),
(410, 7, 1, 64, 0, 0, 0, 2),
(411, 7, 1, 109, 0, 0, 0, 2),
(412, 7, 1, 80, 11, 0, 11, 2),
(413, 7, 1, 38, 0, 0, 0, 2),
(414, 7, 1, 41, 1, 0, 1, 2),
(415, 7, 1, 6, 0, 0, 0, 2),
(416, 7, 1, 56, 0, 0, 0, 2),
(417, 7, 1, 114, 0, 0, 0, 2),
(418, 7, 1, 44, 0, 0, 0, 2),
(419, 7, 1, 95, 0, 0, 0, 2),
(420, 7, 1, 12, 0, 0, 0, 2),
(421, 7, 1, 99, 0, 0, 0, 2),
(422, 7, 1, 103, 0, 0, 0, 2),
(423, 7, 1, 97, 0, 0, 0, 2),
(424, 7, 1, 96, 0, 0, 0, 2),
(425, 7, 1, 105, 0, 0, 0, 2),
(426, 7, 1, 58, 0, 0, 0, 2),
(427, 7, 1, 113, 0, 0, 0, 2),
(428, 7, 1, 89, 0, 0, 0, 2),
(429, 7, 1, 19, 0, 0, 0, 2),
(430, 7, 1, 108, 0, 0, 0, 2),
(431, 7, 1, 119, 0, 0, 0, 2),
(432, 7, 1, 112, 0, 0, 0, 2),
(433, 7, 1, 49, 0, 0, 0, 2),
(434, 7, 1, 120, 0, 0, 0, 2),
(435, 7, 1, 40, 1, 0, 1, 2),
(436, 7, 1, 18, 0, 0, 0, 2),
(437, 7, 1, 65, 1, 0, 1, 2),
(438, 7, 1, 110, 0, 0, 0, 2),
(439, 7, 1, 74, 1, 0, 1, 2),
(440, 7, 1, 59, 0, 0, 0, 2),
(441, 7, 1, 48, 0, 0, 0, 2),
(442, 7, 1, 29, 0, 0, 0, 2),
(443, 7, 1, 98, 0, 0, 0, 2),
(444, 7, 1, 107, 0, 0, 0, 2),
(445, 7, 1, 121, 0, 0, 0, 2),
(446, 7, 1, 33, 0, 0, 0, 2),
(447, 7, 1, 14, 0, 0, 0, 2),
(448, 7, 1, 20, 0, 0, 0, 2),
(449, 7, 1, 26, 0, 0, 0, 2),
(450, 7, 1, 7, 0, 0, 0, 2),
(451, 7, 1, 100, 0, 0, 0, 2),
(452, 7, 1, 94, 0, 0, 0, 2),
(453, 7, 1, 130, 0, 0, 0, 2),
(454, 7, 3, 53, 1, 0, 1, 1),
(455, 7, 3, 23, 0, 0, 0, 2),
(456, 7, 3, 15, 0, 0, 0, 2),
(457, 7, 3, 116, 4, 0, 4, 1),
(458, 7, 3, 68, 2, 0, 2, 1),
(459, 7, 3, 2, 0, 0, 0, 2),
(460, 7, 3, 61, 1, 0, 1, 2),
(461, 7, 3, 60, 0, 0, 0, 2),
(462, 7, 3, 34, 16, 0, 16, 1),
(463, 7, 3, 102, 0, 0, 0, 2),
(464, 7, 3, 28, 0, 0, 0, 2),
(465, 7, 3, 45, 3, 0, 3, 1),
(466, 7, 3, 52, 0, 0, 0, 2),
(467, 7, 3, 55, 0, 0, 0, 2),
(468, 7, 3, 3, 0, 0, 0, 2),
(469, 7, 3, 25, 0, 0, 0, 2),
(470, 7, 3, 46, 0, 0, 0, 2),
(471, 7, 3, 43, 0, 0, 0, 2),
(472, 7, 3, 10, 0, 0, 0, 2),
(473, 7, 3, 8, 5, 0, 5, 1),
(474, 7, 3, 9, 0, 0, 0, 2),
(475, 7, 3, 69, 1, 0, 1, 2),
(476, 7, 3, 50, 1, 0, 1, 2),
(477, 7, 3, 57, 0, 0, 0, 2),
(478, 7, 3, 63, 12, 0, 12, 1),
(479, 7, 3, 122, 2, 0, 2, 1),
(480, 7, 3, 101, 0, 0, 0, 1),
(481, 7, 3, 104, 0, 0, 0, 1),
(482, 7, 3, 31, 0, 0, 0, 1),
(483, 7, 3, 32, 0, 0, 0, 1),
(484, 7, 3, 54, 0, 0, 0, 1),
(485, 7, 3, 22, 0, 0, 0, 1),
(486, 7, 3, 30, 0, 0, 0, 1),
(487, 7, 3, 62, 0, 0, 0, 1),
(488, 7, 3, 21, 0, 0, 0, 1),
(489, 7, 3, 1, 0, 0, 0, 1),
(490, 7, 3, 13, 0, 0, 0, 1),
(491, 7, 3, 75, 0, 0, 0, 1),
(492, 7, 3, 93, 0, 0, 0, 1),
(493, 6, 3, 131, 0, 0, 0, 1),
(494, 7, 1, 111, 0, 0, 0, 2),
(495, 8, 1, 31, 0, 0, 0, 2),
(496, 8, 1, 88, 4, 1, 3, 2),
(497, 8, 1, 1, 0, 0, 0, 2),
(498, 8, 1, 49, 0, 0, 0, 2),
(499, 8, 1, 132, 0, 0, 0, 2),
(500, 8, 1, 48, 1, 0, 1, 1),
(501, 8, 1, 2, 0, 0, 0, 2),
(502, 8, 1, 38, 2, 0, 2, 2),
(503, 8, 1, 74, 26, 0, 26, 2),
(504, 8, 1, 14, 0, 0, 0, 2),
(505, 8, 1, 7, 0, 0, 0, 2),
(506, 8, 1, 50, 0, 0, 0, 2),
(507, 8, 1, 33, 0, 0, 0, 2),
(508, 8, 1, 12, 0, 0, 0, 2),
(509, 8, 1, 58, 1, 1, 0, 1),
(510, 8, 1, 13, 0, 0, 0, 2),
(511, 8, 1, 44, 0, 0, 0, 2),
(512, 8, 1, 60, 0, 0, 0, 2),
(513, 8, 1, 133, 0, 0, 0, 2),
(514, 8, 1, 29, 0, 0, 0, 2),
(515, 8, 1, 106, 0, 0, 0, 1),
(516, 8, 3, 118, 2, 0, 2, 2),
(517, 8, 3, 8, 3, 0, 3, 2),
(518, 8, 3, 34, 1, 0, 1, 1),
(519, 8, 3, 28, 0, 0, 0, 2),
(520, 8, 3, 96, 0, 0, 0, 2),
(521, 8, 3, 112, 0, 0, 0, 2),
(522, 8, 3, 104, 0, 0, 0, 2),
(523, 8, 3, 120, 0, 0, 0, 2),
(524, 8, 3, 59, 0, 0, 0, 2),
(525, 8, 3, 94, 0, 0, 0, 2),
(526, 8, 3, 105, 0, 0, 0, 2),
(527, 8, 3, 113, 0, 0, 0, 2),
(528, 8, 3, 98, 0, 0, 0, 2),
(529, 8, 3, 108, 0, 0, 0, 2),
(530, 8, 3, 107, 0, 0, 0, 2),
(531, 8, 3, 95, 0, 0, 0, 2),
(532, 8, 3, 100, 0, 0, 0, 2),
(533, 8, 3, 124, 0, 0, 0, 2),
(534, 8, 3, 103, 0, 0, 0, 2),
(535, 8, 3, 110, 0, 0, 0, 2),
(536, 8, 3, 75, 1, 0, 1, 1),
(537, 8, 3, 19, 0, 0, 0, 2),
(538, 8, 3, 23, 0, 0, 0, 2),
(539, 8, 3, 114, 0, 0, 0, 2),
(540, 8, 3, 56, 0, 0, 0, 2),
(541, 8, 3, 55, 0, 0, 0, 2),
(542, 8, 3, 21, 0, 0, 0, 2),
(543, 8, 3, 62, 0, 0, 0, 2),
(544, 8, 3, 63, 0, 1, -1, 1),
(545, 8, 3, 16, 0, 0, 0, 2),
(546, 8, 3, 122, 3, 0, 3, 3),
(547, 8, 3, 116, 0, 0, 0, 2),
(548, 8, 3, 30, 0, 0, 0, 2),
(549, 8, 3, 40, 1, 0, 1, 1),
(550, 8, 3, 93, 0, 0, 0, 2),
(551, 8, 3, 53, 3, 0, 3, 1),
(552, 8, 3, 65, 0, 0, 0, 2),
(553, 8, 3, 41, 0, 0, 0, 2),
(554, 8, 3, 102, 1, 1, 0, 1),
(555, 8, 3, 9, 0, 0, 0, 2),
(556, 8, 3, 69, 1, 0, 1, 1),
(557, 8, 3, 10, 0, 0, 0, 1),
(558, 8, 3, 57, 0, 0, 0, 1),
(559, 8, 3, 45, 0, 0, 0, 1),
(560, 8, 3, 18, 0, 0, 0, 1),
(561, 8, 3, 20, 0, 0, 0, 1),
(562, 8, 3, 25, 0, 0, 0, 1),
(563, 8, 3, 115, 0, 0, 0, 1),
(564, 8, 3, 99, 0, 0, 0, 1),
(565, 8, 3, 17, 0, 0, 0, 1),
(566, 8, 3, 22, 0, 0, 0, 1),
(567, 8, 3, 15, 0, 0, 0, 1),
(568, 8, 3, 54, 0, 0, 0, 1),
(569, 8, 3, 61, 0, 0, 0, 1),
(570, 8, 3, 97, 0, 0, 0, 2),
(571, 8, 3, 119, 0, 0, 0, 2),
(572, 8, 3, 131, 0, 0, 0, 2),
(573, 9, 1, 8, 0, 0, 0, 2),
(574, 9, 3, 81, 0, 0, 0, 1),
(575, 9, 3, 80, 0, 0, 0, 1),
(576, 9, 1, 135, 0, 0, 0, 2),
(577, 9, 3, 61, 0, 0, 0, 2),
(578, 9, 3, 34, 10, 0, 10, 2),
(579, 9, 3, 136, 0, 0, 0, 2),
(580, 9, 3, 137, 0, 0, 0, 2),
(581, 9, 3, 140, 4, 0, 4, 2),
(582, 9, 3, 84, 1, 0, 1, 1),
(583, 9, 3, 134, 0, 0, 0, 1),
(584, 9, 3, 139, 0, 0, 0, 2),
(585, 9, 3, 138, 0, 0, 0, 2),
(586, 9, 3, 116, 0, 0, 0, 2),
(587, 9, 3, 75, 0, 0, 0, 1),
(588, 9, 3, 83, 0, 0, 0, 2),
(589, 9, 3, 57, 0, 0, 0, 2),
(590, 9, 1, 77, 0, 0, 0, 2),
(591, 9, 1, 22, 0, 0, 0, 2),
(592, 9, 1, 27, 0, 0, 0, 2),
(593, 9, 1, 38, 10, 0, 10, 2),
(594, 9, 1, 25, 0, 0, 0, 2),
(595, 9, 1, 141, 0, 0, 0, 2),
(596, 9, 1, 142, 0, 0, 0, 2),
(597, 9, 1, 90, 0, 0, 0, 2),
(598, 9, 1, 65, 0, 0, 0, 2),
(599, 9, 1, 102, 0, 0, 0, 2),
(600, 9, 1, 54, 0, 0, 0, 2),
(601, 9, 1, 143, 0, 0, 0, 2),
(602, 9, 1, 130, 0, 0, 0, 2);

-- --------------------------------------------------------

--
-- Структура таблицы `ourwot_caliber`
--

CREATE TABLE IF NOT EXISTS `ourwot_caliber` (
  `id` int(10) unsigned NOT NULL AUTO_INCREMENT,
  `title` varchar(57) NOT NULL,
  `diametr` int(10) unsigned NOT NULL,
  PRIMARY KEY (`id`),
  UNIQUE KEY `diametr` (`diametr`)
) ENGINE=InnoDB  DEFAULT CHARSET=utf8 AUTO_INCREMENT=7 ;

--
-- Дамп данных таблицы `ourwot_caliber`
--

INSERT INTO `ourwot_caliber` (`id`, `title`, `diametr`) VALUES
(1, 'Лёгкий', 45),
(2, 'Средний', 85),
(3, 'Тяжёлый', 122),
(4, 'Артиллерийский', 152),
(5, 'Сверхтяжёлый', 203),
(6, '240', 240);

-- --------------------------------------------------------

--
-- Структура таблицы `ourwot_country`
--

CREATE TABLE IF NOT EXISTS `ourwot_country` (
  `id` int(10) unsigned NOT NULL AUTO_INCREMENT,
  `title` varchar(57) NOT NULL,
  PRIMARY KEY (`id`),
  UNIQUE KEY `title` (`title`)
) ENGINE=InnoDB  DEFAULT CHARSET=utf8 AUTO_INCREMENT=8 ;

--
-- Дамп данных таблицы `ourwot_country`
--

INSERT INTO `ourwot_country` (`id`, `title`) VALUES
(7, 'China'),
(4, 'France'),
(2, 'Germany'),
(5, 'GreatBritain'),
(6, 'Japan'),
(3, 'USA'),
(1, 'USSR');

-- --------------------------------------------------------

--
-- Структура таблицы `ourwot_destruction_type`
--

CREATE TABLE IF NOT EXISTS `ourwot_destruction_type` (
  `id` int(10) unsigned NOT NULL AUTO_INCREMENT,
  `title` varchar(27) NOT NULL,
  PRIMARY KEY (`id`),
  UNIQUE KEY `title` (`title`)
) ENGINE=InnoDB  DEFAULT CHARSET=utf8 AUTO_INCREMENT=7 ;

--
-- Дамп данных таблицы `ourwot_destruction_type`
--

INSERT INTO `ourwot_destruction_type` (`id`, `title`) VALUES
(3, 'broken'),
(1, 'destroyed'),
(6, 'exploded'),
(4, 'flooded');

-- --------------------------------------------------------

--
-- Структура таблицы `ourwot_genre`
--

CREATE TABLE IF NOT EXISTS `ourwot_genre` (
  `id` int(10) unsigned NOT NULL AUTO_INCREMENT,
  `title` varchar(27) NOT NULL,
  `description` tinytext,
  PRIMARY KEY (`id`),
  UNIQUE KEY `title` (`title`)
) ENGINE=InnoDB  DEFAULT CHARSET=utf8 AUTO_INCREMENT=7 ;

--
-- Дамп данных таблицы `ourwot_genre`
--

INSERT INTO `ourwot_genre` (`id`, `title`, `description`) VALUES
(1, 'firefight', NULL),
(2, 'gate', NULL),
(3, 'assault', NULL),
(4, 'meeting engagement', NULL),
(5, 'dominance', NULL),
(6, 'capture the flag', NULL);

-- --------------------------------------------------------

--
-- Структура таблицы `ourwot_level`
--

CREATE TABLE IF NOT EXISTS `ourwot_level` (
  `id` int(10) unsigned NOT NULL AUTO_INCREMENT,
  `title` varchar(27) NOT NULL,
  `level_value` int(10) unsigned NOT NULL,
  PRIMARY KEY (`id`),
  UNIQUE KEY `l_level` (`level_value`)
) ENGINE=InnoDB  DEFAULT CHARSET=utf8 AUTO_INCREMENT=11 ;

--
-- Дамп данных таблицы `ourwot_level`
--

INSERT INTO `ourwot_level` (`id`, `title`, `level_value`) VALUES
(1, 'I', 1),
(2, 'II', 2),
(3, 'III', 3),
(4, 'IV', 4),
(5, 'V', 5),
(6, 'VI', 6),
(7, 'VII', 7),
(8, 'VIII', 8),
(9, 'IX', 9),
(10, 'X', 10);

-- --------------------------------------------------------

--
-- Структура таблицы `ourwot_photo`
--

CREATE TABLE IF NOT EXISTS `ourwot_photo` (
  `id` int(10) unsigned NOT NULL AUTO_INCREMENT,
  `title` varchar(157) NOT NULL,
  PRIMARY KEY (`id`),
  UNIQUE KEY `title` (`title`)
) ENGINE=InnoDB DEFAULT CHARSET=utf8 AUTO_INCREMENT=1 ;

-- --------------------------------------------------------

--
-- Структура таблицы `ourwot_player`
--

CREATE TABLE IF NOT EXISTS `ourwot_player` (
  `id` int(10) unsigned NOT NULL AUTO_INCREMENT,
  `title` varchar(57) NOT NULL,
  `description` text,
  `vehicle_id` int(10) unsigned NOT NULL,
  `photo_id` int(10) unsigned DEFAULT NULL,
  `victories` int(10) NOT NULL DEFAULT '0',
  `draws` int(10) NOT NULL DEFAULT '0',
  `losses` int(10) NOT NULL DEFAULT '0',
  `teem_score` int(10) NOT NULL DEFAULT '0',
  `destroyed_enemies` int(10) NOT NULL DEFAULT '0',
  `destroyed_confederates` int(10) NOT NULL DEFAULT '0',
  `suicides` int(10) NOT NULL DEFAULT '0',
  `score` int(10) NOT NULL DEFAULT '0',
  PRIMARY KEY (`id`),
  UNIQUE KEY `title` (`title`),
  KEY `vehicleid` (`vehicle_id`),
  KEY `vehicleid_2` (`vehicle_id`),
  KEY `photoid` (`photo_id`)
) ENGINE=InnoDB  DEFAULT CHARSET=utf8 AUTO_INCREMENT=144 ;

--
-- Дамп данных таблицы `ourwot_player`
--

INSERT INTO `ourwot_player` (`id`, `title`, `description`, `vehicle_id`, `photo_id`, `victories`, `draws`, `losses`, `teem_score`, `destroyed_enemies`, `destroyed_confederates`, `suicides`, `score`) VALUES
(1, 'Серый Т-34-85', 'Пластмасовый танк с тёмно-серой башней и тёмно-зелёным корпусом.', 1, NULL, 0, 0, 0, 0, 1, 0, 0, 1),
(2, 'Жёлтый Т-34-85', 'Пластмасовый тёмно-жёлтый танк со звездой.', 1, NULL, 0, 0, 0, 0, 3, 0, 0, 3),
(3, 'G.W. Panther', '', 16, NULL, 0, 0, 0, 0, 3, 0, 0, 3),
(4, 'Объект 140', '', 2, NULL, 0, 0, 0, 0, 0, 0, 0, 0),
(5, 'Новый объект 140', '', 2, NULL, 0, 0, 0, 0, 0, 0, 0, 0),
(6, 'M12', '', 23, NULL, 0, 0, 0, 0, 5, 0, 0, 5),
(7, 'T29', '', 19, NULL, 0, 0, 0, 0, 3, 0, 0, 3),
(8, 'AMX 50 B (Объект 260)', '', 7, NULL, 0, 0, 0, 0, 33, 1, 0, 32),
(9, 'M6', '', 18, NULL, 0, 0, 0, 0, 4, 1, 0, 3),
(10, 'E 75', '', 13, NULL, 0, 0, 0, 0, 1, 0, 0, 1),
(11, 'TOG II*', '', 35, NULL, 0, 0, 0, 0, 1, 0, 0, 1),
(12, 'AMX 13 90', '', 25, NULL, 0, 0, 0, 0, 0, 0, 0, 0),
(13, 'СУ-18', '', 50, NULL, 0, 0, 0, 0, 1, 0, 0, 1),
(14, 'AMX Chasseur de chars', '', 26, NULL, 0, 0, 0, 0, 1, 0, 0, 1),
(15, 'Звёздная ПТ', '', 52, NULL, 0, 0, 0, 0, 0, 0, 0, 0),
(16, 'Ракета', '', 53, NULL, 0, 0, 0, 0, 0, 0, 0, 0),
(17, 'СУ Бам-бал-би', '', 54, NULL, 0, 0, 0, 0, 1, 0, 2, -1),
(18, 'Открытая ПТ', '', 55, NULL, 0, 0, 0, 0, 0, 0, 0, 0),
(19, 'СУ Рэмбер', '', 56, NULL, 0, 0, 0, 0, 1, 0, 0, 1),
(20, 'Джип', '', 57, NULL, 0, 0, 0, 0, 1, 0, 0, 1),
(21, 'Плоская ПТ', '', 47, NULL, 0, 0, 0, 0, 0, 0, 1, -1),
(22, 'WZ-131', '', 30, NULL, 0, 0, 0, 0, 1, 0, 0, 1),
(23, 'Тёмный джип', '', 57, NULL, 0, 0, 0, 0, 0, 0, 0, 0),
(24, 'Рэмбер СУ-122-44', '', 9, NULL, 0, 0, 0, 0, 6, 0, 0, 6),
(25, 'Пластмассовая ПТ', '', 58, NULL, 0, 0, 0, 0, 1, 0, 0, 1),
(26, 'СУ-85Б', '', 8, NULL, 0, 0, 0, 0, 0, 0, 0, 0),
(27, 'Ёлка ПТ', '', 59, NULL, 0, 0, 0, 0, 1, 0, 0, 1),
(28, 'Гербовая ПТ', '', 61, NULL, 0, 0, 0, 0, 0, 0, 0, 0),
(29, 'КВ-4', '', 5, NULL, 0, 0, 0, 0, 1, 0, 0, 1),
(30, 'Серебрянный Centurion Mk. 7/1', '', 34, NULL, 0, 0, 0, 0, 0, 0, 0, 0),
(31, 'Катюша', '', 62, NULL, 0, 0, 0, 0, 5, 0, 0, 5),
(32, 'Type 61', '', 32, NULL, 0, 0, 0, 0, 0, 0, 0, 0),
(33, 'Зелёный маленкий танк ПТ', '', 60, NULL, 0, 0, 0, 0, 0, 0, 0, 0),
(34, 'T92', '', 24, NULL, 0, 0, 0, 0, 49, 0, 0, 49),
(35, 'World', '', 38, NULL, 0, 0, 0, 0, 5, 0, 0, 5),
(36, 'M5A3', '', 37, NULL, 0, 0, 0, 0, 6, 1, 0, 5),
(37, 'Waffenträger auf E 100', '', 15, NULL, 0, 0, 0, 0, 11, 2, 1, 8),
(38, 'Объект 261', '', 10, NULL, 0, 0, 0, 0, 34, 1, 0, 33),
(39, 'Allinol', '', 39, NULL, 0, 0, 0, 0, 1, 0, 0, 1),
(40, 'Бам-бал-би', '', 41, NULL, 0, 0, 0, 0, 12, 0, 0, 12),
(41, 'Самая большая ПТ', '', 42, NULL, 0, 0, 0, 0, 6, 0, 0, 6),
(42, 'M5A2', '', 40, NULL, 0, 0, 0, 0, 10, 2, 0, 8),
(43, 'T57 Heavy Tank', '', 21, NULL, 0, 0, 0, 0, 9, 1, 0, 8),
(44, 'Вертолёт', '', 43, NULL, 0, 0, 0, 0, 0, 0, 0, 0),
(45, 'КВ-3', '', 4, NULL, 0, 0, 0, 0, 5, 1, 0, 4),
(46, 'Зелённый Centurion Mk. 7/1', '', 34, NULL, 0, 0, 0, 0, 0, 0, 0, 0),
(47, 'T49', '', 17, NULL, 0, 0, 0, 0, 1, 0, 1, 0),
(48, 'T110E5', '', 20, NULL, 0, 0, 0, 0, 5, 0, 1, 4),
(49, 'Comet', '', 33, NULL, 0, 0, 0, 0, 0, 0, 1, -1),
(50, 'Лёгкий лего-танк', '', 44, NULL, 0, 0, 0, 0, 1, 1, 0, 0),
(51, 'Aufklärungspanzer Panther', '', 11, NULL, 0, 0, 0, 0, 0, 0, 1, -1),
(52, 'Пожарная САУ', '', 45, NULL, 0, 0, 0, 0, 0, 0, 1, -1),
(53, 'VK 30.01 (P)', '', 12, NULL, 0, 0, 0, 0, 8, 0, 0, 8),
(54, 'Крылатый старый лего-танк', '', 46, NULL, 0, 0, 0, 0, 0, 0, 0, 0),
(55, 'Красная плоская ПТ', '', 47, NULL, 0, 0, 0, 0, 0, 0, 0, 0),
(56, 'Белая ПТ', '', 48, NULL, 0, 0, 0, 0, 0, 0, 0, 0),
(57, 'WZ-132', '', 31, NULL, 0, 0, 0, 0, 0, 0, 0, 0),
(58, 'КВ-5', '', 6, NULL, 0, 0, 0, 0, 3, 1, 0, 2),
(59, 'Зелённая средняя деревянная пушка', '', 49, NULL, 0, 0, 0, 0, 1, 0, 0, 1),
(60, 'AMX 50 B', '', 27, NULL, 0, 0, 0, 0, 3, 0, 1, 2),
(61, 'T30', '', 22, NULL, 0, 0, 0, 0, 5, 1, 0, 4),
(62, 'КВ-2', '', 3, NULL, 0, 0, 0, 0, 2, 0, 0, 2),
(63, 'Балхед Jagdpanzer E 100', '', 14, NULL, 0, 0, 0, 0, 19, 6, 1, 12),
(64, 'Франчесско', '', 70, NULL, 0, 0, 0, 0, 6, 3, 1, 2),
(65, 'СУ Трактор', '', 71, NULL, 0, 0, 0, 0, 2, 0, 0, 2),
(66, 'Вагон ПТ', '', 63, NULL, 0, 0, 0, 0, 4, 0, 0, 4),
(68, 'ТТ', '', 64, NULL, 0, 0, 0, 0, 8, 0, 0, 8),
(69, 'Фиолетовый танк', '', 65, NULL, 0, 0, 0, 0, 2, 0, 0, 2),
(70, 'Синий круглый ПТ', '', 66, NULL, 0, 0, 0, 0, 0, 0, 1, -1),
(71, 'Amerjon', '', 68, NULL, 0, 0, 0, 0, 0, 0, 0, 0),
(72, 'Зелёное орудие ПТ', '', 69, NULL, 0, 0, 0, 0, 0, 0, 0, 0),
(73, 'Синяя тачка', '', 73, NULL, 0, 0, 0, 0, 2, 0, 0, 2),
(74, 'СУ-14-1', '', 67, NULL, 0, 0, 0, 0, 34, 0, 0, 34),
(75, 'Пушка', '', 72, NULL, 0, 0, 0, 0, 1, 0, 0, 1),
(76, 'Боктр T110E5', '', 106, NULL, 0, 0, 0, 0, 1, 0, 0, 1),
(77, 'O-I Experimental', '', 97, NULL, 0, 0, 0, 0, 1, 0, 0, 1),
(78, 'СУ Ботр M53/M55', '', 108, NULL, 0, 0, 0, 0, 1, 0, 0, 1),
(79, 'Ботр T95', '', 29, NULL, 0, 0, 0, 0, 0, 0, 0, 0),
(80, 'T95', '', 29, NULL, 0, 0, 0, 0, 11, 0, 0, 11),
(81, 'Tiger I', '', 112, NULL, 0, 0, 0, 0, 1, 0, 0, 1),
(82, 'Tortoise', '', 111, NULL, 0, 0, 0, 0, 16, 0, 0, 16),
(83, 'Артиллерийская установка', '', 103, NULL, 0, 0, 0, 0, 0, 1, 1, -2),
(84, 'БТР', '', 99, NULL, 0, 0, 0, 0, 1, 0, 0, 1),
(85, 'Град', '', 104, NULL, 0, 0, 0, 0, 1, 0, 0, 1),
(87, 'Розовый танк', '', 101, NULL, 0, 0, 0, 0, 0, 0, 0, 0),
(88, 'Т-90 СТ-I', '', 113, NULL, 0, 0, 0, 0, 4, 1, 0, 3),
(89, 'СУ Паровоз', '', 110, NULL, 0, 0, 0, 0, 2, 0, 0, 2),
(90, 'СУ Подставка', '', 100, NULL, 0, 0, 0, 0, 0, 0, 0, 0),
(91, 'Су Рэмбер модифицированный', '', 102, NULL, 0, 0, 0, 0, 0, 0, 1, -1),
(92, 'СУ Самолёт', '', 109, NULL, 0, 0, 0, 0, 0, 0, 0, 0),
(93, 'СУ Лунаход', '', 114, NULL, 0, 0, 0, 0, 0, 0, 0, 0),
(94, 'Средняя деревянная пушка', '', 49, NULL, 0, 0, 0, 0, 0, 0, 0, 0),
(95, 'Малая рогатая катапульта', '', 77, NULL, 0, 0, 0, 0, 0, 0, 1, -1),
(96, 'Средний длинный арбалет', '', 82, NULL, 0, 0, 0, 0, 1, 0, 0, 1),
(97, 'Болотная Малая рогатая пушка', '', 91, NULL, 0, 0, 0, 0, 0, 0, 0, 0),
(98, 'Малая деревянная многостволка', '', 92, NULL, 0, 0, 0, 0, 0, 0, 0, 0),
(99, 'Тёмно-зелённая Малая металлическая пушка', '', 90, NULL, 0, 0, 0, 0, 0, 0, 0, 0),
(100, 'Деревянная катапульта', '', 78, NULL, 0, 0, 0, 0, 0, 0, 0, 0),
(101, 'Зелённый танк с новой башней', '', 115, NULL, 0, 0, 0, 0, 0, 0, 0, 0),
(102, 'Воздушная лодка ПТ', '', 116, NULL, 0, 0, 0, 0, 2, 1, 0, 1),
(103, 'Золотая Малая деревянная пушка', '', 87, NULL, 0, 0, 0, 0, 0, 0, 0, 0),
(104, 'Большая разработанная катапульта', '', 80, NULL, 0, 0, 0, 0, 1, 0, 0, 1),
(105, 'Коричневая малая металлическая многостволка', '', 94, NULL, 0, 0, 0, 0, 1, 0, 0, 1),
(106, 'Т-54', '', 117, NULL, 0, 0, 0, 0, 0, 0, 0, 0),
(107, 'Малый рогатый арбалет', '', 86, NULL, 0, 0, 0, 0, 0, 0, 0, 0),
(108, 'Малый многогранный арбалет', '', 83, NULL, 0, 0, 0, 0, 0, 0, 0, 0),
(109, 'Зелённая Малая рогатая пушка', '', 91, NULL, 0, 0, 0, 0, 0, 0, 0, 0),
(110, 'Малая металлическая пушка', '', 90, NULL, 0, 0, 0, 0, 0, 0, 0, 0),
(111, 'Малая деревянная пушка', '', 87, NULL, 0, 0, 0, 0, 0, 0, 0, 0),
(112, 'Большая катапульта', '', 80, NULL, 0, 0, 0, 0, 2, 0, 0, 2),
(113, 'Малая металлическая многостволка', '', 94, NULL, 0, 0, 0, 0, 0, 0, 0, 0),
(114, 'Малый деревянный арбалет', '', 84, NULL, 0, 0, 0, 0, 0, 0, 0, 0),
(115, 'Малая многогранная катапульта', '', 76, NULL, 0, 0, 0, 0, 0, 0, 0, 0),
(116, 'СУ Грузовик (объект 142)', '', 118, NULL, 0, 0, 0, 0, 4, 0, 0, 4),
(118, 'AMX AC mle. 48', '', 28, NULL, 0, 0, 0, 0, 2, 0, 0, 2),
(119, 'Красная Малая многогранная пушка', '', 89, NULL, 0, 0, 0, 0, 0, 0, 0, 0),
(120, 'Большой арбалет', '', 81, NULL, 0, 0, 0, 0, 0, 0, 0, 0),
(121, 'Модифицированный объект 140', '', 119, NULL, 0, 0, 0, 0, 0, 0, 0, 0),
(122, 'Монстр', '', 74, NULL, 0, 0, 0, 0, 7, 0, 2, 5),
(123, 'Зелёная тачка', '', 75, NULL, 0, 0, 0, 0, 0, 0, 0, 0),
(124, 'Малая металлическая катапульта', '', 79, NULL, 0, 0, 0, 0, 0, 0, 0, 0),
(125, 'FV4005 Stage II', '', 36, NULL, 0, 0, 0, 0, 3, 0, 0, 3),
(126, 'Малая многогранная многостволка', '', 93, NULL, 0, 0, 0, 0, 0, 0, 0, 0),
(129, 'Танк-самолёт', '', 120, NULL, 0, 0, 0, 0, 0, 0, 0, 0),
(130, 'Большая тележка ПТ', '', 121, NULL, 0, 0, 0, 0, 0, 0, 0, 0),
(131, 'Болотно-зелённая металлическая пушка', '', 90, NULL, 0, 0, 0, 0, 0, 0, 0, 0),
(132, 'Грузовик ремонтник', '', 122, NULL, 0, 0, 0, 0, 0, 0, 0, 0),
(133, 'Лёгкий ремонтник', '', 123, NULL, 0, 0, 0, 0, 0, 0, 0, 0),
(134, 'СУ Бам бал би 2', '', 125, NULL, 0, 0, 0, 0, 0, 0, 0, 0),
(135, 'Истребитель', '', 124, NULL, 0, 0, 0, 0, 0, 0, 0, 0),
(136, 'E 25', '', 126, NULL, 0, 0, 0, 0, 0, 0, 0, 0),
(137, 'ELC AMX', '', 130, NULL, 0, 0, 0, 0, 0, 0, 0, 0),
(138, 'Жёлтый средний танк', '', 127, NULL, 0, 0, 0, 0, 0, 0, 0, 0),
(139, 'Танк с красной обтекаемой башней', '', 128, NULL, 0, 0, 0, 0, 0, 0, 0, 0),
(140, 'Бронемашина', '', 129, NULL, 0, 0, 0, 0, 4, 0, 0, 4),
(141, 'Синий танк', '', 131, NULL, 0, 0, 0, 0, 0, 0, 0, 0),
(142, 'Средний тяжёлый крылатый танк', '', 133, NULL, 0, 0, 0, 0, 0, 0, 0, 0),
(143, 'Т-90 МА', '', 132, NULL, 0, 0, 0, 0, 0, 0, 0, 0);

-- --------------------------------------------------------

--
-- Структура таблицы `ourwot_priority`
--

CREATE TABLE IF NOT EXISTS `ourwot_priority` (
  `id` int(10) unsigned NOT NULL AUTO_INCREMENT,
  `title` varchar(57) NOT NULL,
  `priority_value` int(10) unsigned NOT NULL,
  PRIMARY KEY (`id`),
  UNIQUE KEY `pr_value` (`priority_value`)
) ENGINE=InnoDB  DEFAULT CHARSET=utf8 AUTO_INCREMENT=12 ;

--
-- Дамп данных таблицы `ourwot_priority`
--

INSERT INTO `ourwot_priority` (`id`, `title`, `priority_value`) VALUES
(1, 'Низший', 1),
(2, 'Неизвестно', 2),
(3, 'ырапрапр', 3),
(4, 'ываываывапапорвапро', 4),
(5, 'ываываываыва', 5),
(6, 'пролплорпорл', 6),
(7, 'палроаоыварпарпары', 7),
(8, 'фвапыпарыапровпорпо', 8),
(9, 'лоподпдллпдлплдпл', 9),
(10, 'ыпрыпрпыарвапрровпро', 10),
(11, 'Высший', 11);

-- --------------------------------------------------------

--
-- Структура таблицы `ourwot_teem`
--

CREATE TABLE IF NOT EXISTS `ourwot_teem` (
  `id` int(10) unsigned NOT NULL AUTO_INCREMENT,
  `title` varchar(77) NOT NULL,
  `victories` int(10) unsigned NOT NULL DEFAULT '0',
  `draws` int(10) unsigned NOT NULL DEFAULT '0',
  `losses` int(10) unsigned NOT NULL DEFAULT '0',
  `score` int(10) NOT NULL DEFAULT '0',
  PRIMARY KEY (`id`),
  UNIQUE KEY `title` (`title`)
) ENGINE=InnoDB  DEFAULT CHARSET=utf8 AUTO_INCREMENT=4 ;

--
-- Дамп данных таблицы `ourwot_teem`
--

INSERT INTO `ourwot_teem` (`id`, `title`, `victories`, `draws`, `losses`, `score`) VALUES
(1, 'red', 0, 0, 0, 0),
(2, 'green', 0, 0, 0, 0),
(3, 'blue', 0, 0, 0, 0);

-- --------------------------------------------------------

--
-- Структура таблицы `ourwot_user`
--

CREATE TABLE IF NOT EXISTS `ourwot_user` (
  `id` int(10) unsigned NOT NULL AUTO_INCREMENT,
  `username` varchar(128) NOT NULL,
  `password` varchar(128) NOT NULL,
  `email` varchar(128) NOT NULL,
  `profile` text NOT NULL,
  PRIMARY KEY (`id`)
) ENGINE=InnoDB  DEFAULT CHARSET=utf8 AUTO_INCREMENT=2 ;

--
-- Дамп данных таблицы `ourwot_user`
--

INSERT INTO `ourwot_user` (`id`, `username`, `password`, `email`, `profile`) VALUES
(1, 'admin', '$2a$10$JTJf6/XqC94rrOtzuF397OHa4mbmZrVTBOQCmYD9U.obZRUut4BoC', 'bason_andrey@mail.ru', '');

-- --------------------------------------------------------

--
-- Структура таблицы `ourwot_vehicle`
--

CREATE TABLE IF NOT EXISTS `ourwot_vehicle` (
  `id` int(10) unsigned NOT NULL AUTO_INCREMENT,
  `title` varchar(57) NOT NULL,
  `level_id` int(10) unsigned NOT NULL,
  `caliber_id` int(10) unsigned NOT NULL,
  `vehicle_type_id` int(10) unsigned NOT NULL,
  `country_id` int(10) unsigned NOT NULL,
  `photo_id` int(10) unsigned DEFAULT NULL,
  PRIMARY KEY (`id`),
  UNIQUE KEY `title` (`title`,`country_id`),
  KEY `caliberid` (`caliber_id`),
  KEY `typeid` (`vehicle_type_id`),
  KEY `countryid` (`country_id`),
  KEY `photoid` (`photo_id`),
  KEY `level_id` (`level_id`)
) ENGINE=InnoDB  DEFAULT CHARSET=utf8 AUTO_INCREMENT=134 ;

--
-- Дамп данных таблицы `ourwot_vehicle`
--

INSERT INTO `ourwot_vehicle` (`id`, `title`, `level_id`, `caliber_id`, `vehicle_type_id`, `country_id`, `photo_id`) VALUES
(1, 'Т-34-85', 6, 2, 2, 1, NULL),
(2, 'Объект 140', 10, 2, 2, 1, NULL),
(3, 'КВ-2', 6, 3, 3, 1, NULL),
(4, 'КВ-3', 7, 3, 3, 1, NULL),
(5, 'КВ-4', 8, 3, 3, 1, NULL),
(6, 'КВ-5', 8, 3, 3, 1, NULL),
(7, 'Объект 260', 10, 3, 3, 1, NULL),
(8, 'СУ-85Б', 4, 2, 4, 1, NULL),
(9, 'СУ-122-44', 7, 3, 4, 1, NULL),
(10, 'Объект 261', 10, 4, 5, 1, NULL),
(11, 'Aufklärungspanzer Panther', 2, 1, 1, 2, NULL),
(12, 'VK 30.01 (P)', 6, 2, 2, 2, NULL),
(13, 'E 75', 9, 3, 3, 2, NULL),
(14, 'Jagdpanzer E 100', 10, 3, 4, 2, NULL),
(15, 'Waffenträger auf E 100', 10, 5, 4, 2, NULL),
(16, 'G.W. Panther', 7, 3, 5, 2, NULL),
(17, 'T49', 8, 1, 1, 3, NULL),
(18, 'M6', 6, 3, 3, 3, NULL),
(19, 'T29', 7, 3, 3, 3, NULL),
(20, 'Старый T110E5', 10, 3, 3, 3, NULL),
(21, 'T57 Heavy Tank', 10, 3, 3, 3, NULL),
(22, 'T30', 9, 3, 4, 3, NULL),
(23, 'M12', 7, 3, 5, 3, NULL),
(24, 'T92', 10, 5, 5, 3, NULL),
(25, 'AMX 13 90', 8, 2, 1, 4, NULL),
(26, 'AMX Chasseur de chars', 8, 2, 2, 4, NULL),
(27, 'AMX 50 B', 10, 3, 3, 4, NULL),
(28, 'AMX AC mle. 48', 8, 4, 4, 4, NULL),
(29, 'T95', 9, 5, 4, 3, NULL),
(30, 'WZ-131', 7, 1, 1, 7, NULL),
(31, 'WZ-132', 8, 1, 1, 7, NULL),
(32, 'Type 61', 9, 2, 2, 6, NULL),
(33, 'Comet', 7, 2, 2, 5, NULL),
(34, 'Centurion Mk. 7/1', 9, 2, 2, 5, NULL),
(35, 'TOG II*', 6, 3, 3, 5, NULL),
(36, 'FV4005 Stage II', 10, 5, 4, 5, NULL),
(37, 'M5A3', 8, 3, 4, 3, NULL),
(38, 'World', 9, 5, 4, 3, NULL),
(39, 'Allinol', 8, 3, 4, 3, NULL),
(40, 'M5A2', 8, 3, 4, 3, NULL),
(41, 'Бам-бал-би', 8, 3, 4, 1, NULL),
(42, 'Самая большая ПТ', 10, 6, 4, 1, NULL),
(43, 'Вертолёт', 4, 2, 2, 1, NULL),
(44, 'Лёгкий лего-танк', 5, 2, 1, 1, NULL),
(45, 'Пожарная САУ', 5, 2, 5, 1, NULL),
(46, 'Лёгкий старый лего-танк', 3, 1, 1, 3, NULL),
(47, 'Плоская ПТ', 2, 3, 4, 3, NULL),
(48, 'Белая ПТ', 2, 2, 4, 1, NULL),
(49, 'Средняя деревянная пушка', 4, 2, 4, 1, NULL),
(50, 'СУ-18', 2, 2, 5, 1, NULL),
(51, 'СУ-5 ', 4, 4, 5, 1, NULL),
(52, 'Звёздная ПТ', 4, 3, 4, 1, NULL),
(53, 'Ракета', 5, 3, 5, 1, NULL),
(54, 'СУ Бам-бал-би', 4, 2, 5, 1, NULL),
(55, 'Открытая ПТ', 2, 2, 4, 3, NULL),
(56, 'СУ Рэмбер', 1, 2, 5, 1, NULL),
(57, 'Джип', 4, 2, 4, 3, NULL),
(58, 'Пластмассовая ПТ', 4, 3, 4, 3, NULL),
(59, 'Ёлка ПТ', 6, 3, 4, 1, NULL),
(60, 'Маленкий зелёный танк ПТ', 1, 1, 4, 1, NULL),
(61, 'Гербовая ПТ', 3, 3, 4, 1, NULL),
(62, 'Катюша', 5, 2, 5, 1, NULL),
(63, 'Вагон ПТ', 7, 5, 4, 1, NULL),
(64, 'ТТ', 10, 5, 3, 1, NULL),
(65, 'Фиолетовый танк', 6, 2, 2, 3, NULL),
(66, 'Синий круглый ПТ', 3, 3, 4, 3, NULL),
(67, 'СУ-14-1', 6, 3, 5, 1, NULL),
(68, 'Amerjon', 5, 3, 4, 3, NULL),
(69, 'Зелёное орудие ПТ', 5, 2, 4, 1, NULL),
(70, 'Франчесско', 8, 5, 4, 4, NULL),
(71, 'СУ Трактор', 6, 3, 5, 1, NULL),
(72, 'Пушка', 6, 3, 4, 1, NULL),
(73, 'Синяя тачка', 4, 3, 4, 1, NULL),
(74, 'Монстр', 10, 6, 4, 1, NULL),
(75, 'Зелёная тачка', 4, 3, 4, 1, NULL),
(76, 'Малая многогранная катапульта', 1, 2, 5, 1, NULL),
(77, 'Малая рогатая катапульта', 1, 2, 5, 1, NULL),
(78, 'Малая деревянная катапульта', 1, 2, 5, 1, NULL),
(79, 'Малая металлическая катапульта', 1, 2, 5, 1, NULL),
(80, 'Большая катапульта', 4, 2, 5, 1, NULL),
(81, 'Большой арбалет', 4, 2, 4, 1, NULL),
(82, 'Средний длинный арбалет', 5, 2, 4, 1, NULL),
(83, 'Малый многогранный арбалет', 2, 2, 4, 1, NULL),
(84, 'Малый деревянный арбалет', 2, 2, 4, 1, NULL),
(85, 'Малый металлический арбалет', 2, 2, 4, 1, NULL),
(86, 'Малый рогатый арбалет', 2, 2, 4, 1, NULL),
(87, 'Малая деревянная пушка', 3, 2, 4, 1, NULL),
(88, 'Малая деревянная пушка САУ', 3, 2, 5, 1, NULL),
(89, 'Малая многогранная пушка', 3, 2, 4, 1, NULL),
(90, 'Малая металлическая пушка', 3, 2, 4, 1, NULL),
(91, 'Малая рогатая пушка', 3, 2, 4, 1, NULL),
(92, 'Малая деревянная многостволка', 4, 2, 5, 1, NULL),
(93, 'Малая многогранная многостволка', 4, 2, 5, 1, NULL),
(94, 'Малая металлическая многостволка', 4, 2, 5, 1, NULL),
(96, 'БТ-7', 3, 2, 1, 1, NULL),
(97, 'O-I Experimental', 5, 2, 3, 6, NULL),
(99, 'БТР', 4, 2, 1, 1, NULL),
(100, 'СУ Подставка', 1, 2, 5, 1, NULL),
(101, 'Розовый танк', 2, 2, 1, 4, NULL),
(102, 'Су Рэмбер модифицированный', 6, 3, 5, 1, NULL),
(103, 'Артиллерийская установка', 5, 3, 5, 1, NULL),
(104, 'Град', 5, 2, 5, 1, NULL),
(105, 'Тяжёлый танк', 10, 5, 3, 1, NULL),
(106, 'T110E5', 10, 3, 3, 3, NULL),
(108, 'M53/M55', 9, 3, 5, 3, NULL),
(109, 'СУ Самолёт', 6, 3, 5, 1, NULL),
(110, 'СУ Паровоз', 7, 4, 5, 1, NULL),
(111, 'Tortoise', 9, 5, 4, 5, NULL),
(112, 'Tiger I', 7, 3, 3, 2, NULL),
(113, 'СТ-I', 9, 3, 3, 1, NULL),
(114, 'СУ Лунаход', 6, 3, 5, 1, NULL),
(115, 'Зелённый танк с новой башней', 5, 2, 2, 1, NULL),
(116, 'Воздушная лодка ПТ', 5, 4, 4, 1, NULL),
(117, 'Т-54', 9, 2, 2, 1, NULL),
(118, 'СУ Грузовик', 6, 3, 5, 3, NULL),
(119, 'Модифицированный объект 140', 10, 2, 2, 1, NULL),
(120, 'Танк-самолёт', 1, 2, 2, 3, NULL),
(121, 'Большая тележка ПТ', 6, 3, 4, 4, NULL),
(122, 'Грузовик ремонтник', 2, 1, 6, 1, NULL),
(123, 'Лёгкий ремонтник', 1, 1, 6, 1, NULL),
(124, 'Истребитель', 8, 3, 4, 3, NULL),
(125, 'СУ Бам бал би 2', 2, 2, 5, 1, NULL),
(126, 'E 25', 2, 1, 5, 2, NULL),
(127, 'Жёлтый средний танк', 5, 3, 2, 1, NULL),
(128, 'Танк с красной обтекаемой башней', 3, 2, 3, 2, NULL),
(129, 'Бронемашина', 4, 2, 2, 2, NULL),
(130, 'ELC AMX', 2, 2, 1, 4, NULL),
(131, 'Синий танк', 3, 2, 2, 4, NULL),
(132, 'Т-90 МА', 2, 2, 1, 1, NULL),
(133, 'Средний тяжёлый крылатый танк', 5, 3, 2, 1, NULL);

-- --------------------------------------------------------

--
-- Структура таблицы `ourwot_vehicle_type`
--

CREATE TABLE IF NOT EXISTS `ourwot_vehicle_type` (
  `id` int(10) unsigned NOT NULL AUTO_INCREMENT,
  `title` varchar(77) NOT NULL,
  `priority_id` int(10) unsigned NOT NULL,
  PRIMARY KEY (`id`),
  UNIQUE KEY `title` (`title`),
  KEY `priority_id` (`priority_id`)
) ENGINE=InnoDB  DEFAULT CHARSET=utf8 AUTO_INCREMENT=7 ;

--
-- Дамп данных таблицы `ourwot_vehicle_type`
--

INSERT INTO `ourwot_vehicle_type` (`id`, `title`, `priority_id`) VALUES
(1, 'Light tanks', 3),
(2, 'Medium tanks', 5),
(3, 'Heavy tanks', 10),
(4, 'Tank destroyers', 7),
(5, 'SPGs', 1),
(6, 'Repair vehicle', 1);

--
-- Ограничения внешнего ключа сохраненных таблиц
--

--
-- Ограничения внешнего ключа таблицы `ourwot_battle`
--
ALTER TABLE `ourwot_battle`
  ADD CONSTRAINT `ourwot_battle_ibfk_1` FOREIGN KEY (`genre_id`) REFERENCES `ourwot_genre` (`id`) ON UPDATE CASCADE;

--
-- Ограничения внешнего ключа таблицы `ourwot_battle_event`
--
ALTER TABLE `ourwot_battle_event`
  ADD CONSTRAINT `ourwot_battle_event_ibfk_1` FOREIGN KEY (`battle_player1_id`) REFERENCES `ourwot_battle_player` (`id`) ON UPDATE CASCADE,
  ADD CONSTRAINT `ourwot_battle_event_ibfk_2` FOREIGN KEY (`battle_player2_id`) REFERENCES `ourwot_battle_player` (`id`) ON UPDATE CASCADE,
  ADD CONSTRAINT `ourwot_battle_event_ibfk_3` FOREIGN KEY (`destruction_type_id`) REFERENCES `ourwot_destruction_type` (`id`) ON UPDATE CASCADE;

--
-- Ограничения внешнего ключа таблицы `ourwot_battle_player`
--
ALTER TABLE `ourwot_battle_player`
  ADD CONSTRAINT `ourwot_battle_player_ibfk_1` FOREIGN KEY (`battle_id`) REFERENCES `ourwot_battle` (`id`) ON UPDATE CASCADE,
  ADD CONSTRAINT `ourwot_battle_player_ibfk_2` FOREIGN KEY (`teem_id`) REFERENCES `ourwot_teem` (`id`) ON UPDATE CASCADE,
  ADD CONSTRAINT `ourwot_battle_player_ibfk_3` FOREIGN KEY (`player_id`) REFERENCES `ourwot_player` (`id`) ON UPDATE CASCADE;

--
-- Ограничения внешнего ключа таблицы `ourwot_player`
--
ALTER TABLE `ourwot_player`
  ADD CONSTRAINT `ourwot_player_ibfk_1` FOREIGN KEY (`vehicle_id`) REFERENCES `ourwot_vehicle` (`id`) ON UPDATE CASCADE,
  ADD CONSTRAINT `ourwot_player_ibfk_2` FOREIGN KEY (`photo_id`) REFERENCES `ourwot_photo` (`id`) ON UPDATE CASCADE;

--
-- Ограничения внешнего ключа таблицы `ourwot_vehicle`
--
ALTER TABLE `ourwot_vehicle`
  ADD CONSTRAINT `ourwot_vehicle_ibfk_1` FOREIGN KEY (`caliber_id`) REFERENCES `ourwot_caliber` (`id`) ON UPDATE CASCADE,
  ADD CONSTRAINT `ourwot_vehicle_ibfk_3` FOREIGN KEY (`country_id`) REFERENCES `ourwot_country` (`id`) ON UPDATE CASCADE,
  ADD CONSTRAINT `ourwot_vehicle_ibfk_4` FOREIGN KEY (`photo_id`) REFERENCES `ourwot_photo` (`id`) ON UPDATE CASCADE,
  ADD CONSTRAINT `ourwot_vehicle_ibfk_5` FOREIGN KEY (`level_id`) REFERENCES `ourwot_level` (`id`) ON UPDATE CASCADE,
  ADD CONSTRAINT `ourwot_vehicle_ibfk_6` FOREIGN KEY (`vehicle_type_id`) REFERENCES `ourwot_vehicle_type` (`id`) ON UPDATE CASCADE;

--
-- Ограничения внешнего ключа таблицы `ourwot_vehicle_type`
--
ALTER TABLE `ourwot_vehicle_type`
  ADD CONSTRAINT `ourwot_vehicle_type_ibfk_1` FOREIGN KEY (`priority_id`) REFERENCES `ourwot_priority` (`id`) ON UPDATE CASCADE;

/*!40101 SET CHARACTER_SET_CLIENT=@OLD_CHARACTER_SET_CLIENT */;
/*!40101 SET CHARACTER_SET_RESULTS=@OLD_CHARACTER_SET_RESULTS */;
/*!40101 SET COLLATION_CONNECTION=@OLD_COLLATION_CONNECTION */;
